{"type":"Topology","transform":{"scale":[0.001325711670818051,0.0013950772532356666],"translate":[29.57216169200018,-1.48147434699996]},"arcs":[[3024,3319,-16,0],[3008,3319,16,-140],[3024,3179,-8,-14],[3016,3165,5,-38],[3021,3127,21,-8],[3042,3119,-1,-59],[3041,3060,-28,-24],[3013,3036,-30,-47],[2983,2989,5,-61],[2988,2928,15,-32],[3003,2896,56,-63],[3059,2833,32,25],[3091,2858,27,-32],[3118,2826,25,-11],[3143,2815,-2,-20],[3141,2795,85,-53],[3226,2742,86,45],[3312,2787,30,-5],[3342,2782,0,13],[3342,2795,21,10],[3363,2805,2,65],[3365,2870,-35,35],[3330,2905,-16,33],[3314,2938,-64,38],[3250,2976,18,86],[3268,3062,-9,15],[3259,3077,2,36],[3261,3113,-22,59],[3239,3172,-47,28],[3192,3200,-39,-12],[3153,3188,-21,13],[3132,3201,-2,27],[3130,3228,-46,28],[3084,3256,33,53],[3117,3309,-69,-3],[3048,3306,-21,12],[3027,3318,-3,1],[1866,3635,-58,-15],[1808,3620,-15,-32],[1793,3588,-21,-10],[1772,3578,-38,6],[1734,3584,-19,19],[1715,3603,-21,3],[1694,3606,-50,-37],[1644,3569,-34,-1],[1610,3568,-41,-45],[1569,3523,3,-29],[1572,3494,-38,-32],[1534,3462,-19,-61],[1515,3401,-13,-9],[1502,3392,6,-21],[1508,3371,-7,-20],[1501,3351,-64,-91],[1437,3260,1,-22],[1438,3238,-18,-1],[1420,3237,-40,-37],[1380,3200,17,-31],[1397,3169,39,-23],[1436,3146,7,4],[1443,3150,22,-23],[1465,3127,20,-2],[1485,3125,38,49],[1523,3174,40,-7],[1563,3167,88,24],[1651,3191,26,-14],[1677,3177,46,0],[1723,3177,25,18],[1748,3195,31,79],[1779,3274,22,27],[1801,3301,8,42],[1809,3343,32,35],[1841,3378,-5,41],[1836,3419,28,37],[1864,3456,-20,51],[1844,3507,31,-1],[1875,3506,3,122],[1878,3628,-12,6],[1866,3634,0,1],[2900,3431,-86,-51],[2814,3380,7,-21],[2821,3359,18,-16],[2839,3343,-40,2],[2799,3345,-54,-10],[2745,3335,-53,7],[2692,3342,-7,-82],[2685,3260,9,-36],[2694,3224,42,-44],[2736,3180,-13,-26],[2723,3154,11,-24],[2734,3130,-26,-30],[2708,3100,-8,3],[2700,3103,-18,-15],[2682,3088,-20,20],[2662,3108,-13,-23],[2649,3085,-16,7],[2633,3092,-3,11],[2630,3103,-29,-6],[2601,3097,25,-12],[2626,3085,-13,-12],[2613,3073,-18,-53],[2595,3020,50,-46],[2645,2974,17,-49],[2662,2925,42,14],[2704,2939,20,-24],[2724,2915,18,10],[2742,2925,63,-2],[2805,2923,18,11],[2823,2934,73,-12],[2896,2922,15,28],[2911,2950,9,-31],[2920,2919,45,-2],[2965,2917,28,15],[2993,2932,-14,45],[2979,2977,13,33],[2992,3010,49,49],[3041,3059,1,53],[3042,3112,-21,15],[3024,3179,-23,235],[3001,3414,-39,-3],[2962,3411,-11,15],[2951,3426,-51,4],[2900,3430,0,1],[2613,2855,-20,-3],[2593,2852,12,-40],[2605,2812,-33,-34],[2572,2778,-1,-25],[2571,2753,13,-9],[2584,2744,6,-25],[2590,2719,38,12],[2628,2731,4,-18],[2632,2713,24,4],[2656,2717,17,-31],[2673,2686,-9,-21],[2664,2665,16,-5],[2680,2660,20,-28],[2700,2632,-36,-18],[2664,2614,24,-24],[2688,2590,0,-17],[2688,2573,88,-17],[2776,2556,29,-32],[2805,2524,25,9],[2830,2533,30,-17],[2860,2516,-12,25],[2848,2541,13,30],[2861,2571,38,27],[2899,2598,17,-23],[2916,2575,13,12],[2929,2587,18,49],[2947,2636,-29,32],[2918,2668,39,-7],[2957,2661,35,28],[2992,2689,8,14],[3000,2703,-9,44],[2991,2747,-80,9],[2911,2756,-25,-24],[2886,2732,-33,7],[2853,2739,-44,-13],[2809,2726,-14,21],[2795,2747,-21,-3],[2774,2744,-2,25],[2772,2769,-21,-7],[2751,2762,5,8],[2756,2770,-9,4],[2747,2774,2,13],[2749,2787,-13,8],[2736,2795,-14,-8],[2722,2787,3,9],[2725,2796,-9,4],[2716,2800,13,22],[2729,2822,-34,-18],[2695,2804,11,13],[2706,2817,-3,7],[2703,2824,-15,-8],[2688,2816,9,30],[2697,2846,-16,-7],[2681,2839,1,8],[2682,2847,-8,0],[2674,2847,-22,-11],[2652,2836,-1,13],[2651,2849,-12,-3],[2639,2846,2,8],[2641,2854,-12,2],[2629,2856,-8,-11],[2621,2845,-8,9],[2613,2854,0,1],[2511,2356,-67,21],[2444,2377,-130,-111],[2314,2266,-46,-22],[2268,2244,-27,-1],[2241,2243,-92,30],[2149,2273,-46,-27],[2103,2246,-36,-6],[2067,2240,10,-17],[2077,2223,64,-21],[2141,2202,75,-49],[2216,2153,40,-1],[2256,2152,47,-59],[2303,2093,22,-2],[2325,2091,137,30],[2462,2121,104,0],[2566,2121,-5,96],[2561,2217,-17,22],[2544,2239,39,21],[2583,2260,3,29],[2586,2289,-31,66],[2555,2355,-13,7],[2542,2362,-30,-6],[2512,2356,-1,0],[4040,2699,-17,-11],[4023,2688,-11,4],[4012,2692,-6,-15],[4006,2677,-11,-3],[3995,2674,1,-10],[3996,2664,-17,-12],[3979,2652,4,-14],[3983,2638,-17,-16],[3966,2622,-4,-23],[3962,2599,-20,-16],[3942,2583,41,-47],[3983,2536,2,-20],[3985,2516,14,-18],[3999,2498,-34,-49],[3965,2449,-1,-46],[3964,2403,24,-28],[3988,2375,-9,-13],[3979,2362,10,-4],[3989,2358,1,-12],[3990,2346,-11,-17],[3979,2329,-29,-10],[3950,2319,29,-19],[3979,2300,-21,-10],[3958,2290,-8,-50],[3950,2240,-51,-22],[3899,2218,-13,-21],[3886,2197,-25,-11],[3861,2186,-45,6],[3816,2192,-6,-6],[3810,2186,6,-16],[3816,2170,21,-16],[3837,2154,31,0],[3868,2154,9,-32],[3877,2122,11,-7],[3888,2115,-6,-19],[3882,2096,44,-35],[3926,2061,8,-22],[3934,2039,15,13],[3949,2052,-9,22],[3940,2074,37,30],[3977,2104,15,52],[3992,2156,20,19],[4012,2175,12,-2],[4024,2173,28,17],[4052,2190,36,63],[4088,2253,7,214],[4095,2467,-12,16],[4083,2483,-43,216],[4040,2699,0,0],[2921,2672,-2,-12],[2919,2660,28,-25],[2947,2635,-18,-48],[2848,2541,25,-50],[2873,2491,20,-10],[2893,2481,7,-38],[2900,2443,17,-21],[2917,2422,19,75],[2936,2497,20,11],[2956,2508,30,1],[2986,2509,33,-44],[3019,2465,54,-15],[3073,2450,13,-31],[3086,2419,29,-17],[3115,2402,25,-30],[3140,2372,33,-17],[3173,2355,24,-64],[3197,2291,46,40],[3243,2331,0,44],[3243,2375,-22,28],[3221,2403,2,10],[3223,2413,10,-3],[3233,2410,31,20],[3264,2430,-11,11],[3253,2441,7,5],[3260,2446,-3,16],[3257,2462,9,-6],[3266,2456,-11,13],[3255,2469,5,10],[3260,2479,-30,3],[3230,2482,-14,22],[3216,2504,-20,7],[3196,2511,-19,-6],[3177,2505,-4,-21],[3173,2484,-17,-2],[3156,2482,-19,17],[3137,2499,13,56],[3150,2555,-27,16],[3123,2571,-39,84],[3084,2655,-18,-15],[3066,2640,2,-15],[3068,2625,-22,-32],[3046,2593,-33,22],[3013,2615,-6,19],[3007,2634,-42,26],[2965,2660,-43,12],[2922,2672,-1,0],[1879,3628,-4,-122],[1436,3146,-54,32],[1382,3178,-33,-82],[1349,3096,25,-50],[1374,3046,29,-5],[1403,3041,13,-16],[1416,3025,3,-25],[1419,3000,-8,-19],[1411,2981,14,-1],[1425,2980,15,7],[1440,2987,9,21],[1449,3008,33,18],[1482,3026,1,14],[1483,3040,21,15],[1504,3055,7,-6],[1511,3049,3,13],[1514,3062,17,11],[1531,3073,13,-3],[1544,3070,17,12],[1561,3082,23,-14],[1584,3068,33,24],[1617,3092,51,-3],[1668,3089,30,-24],[1698,3065,52,-11],[1750,3054,29,13],[1779,3067,26,-12],[1805,3055,21,5],[1826,3060,27,-14],[1853,3046,51,27],[1904,3073,13,-2],[1917,3071,17,-26],[1934,3045,32,10],[1966,3055,12,-2],[1978,3053,7,-16],[1985,3037,25,9],[2010,3046,-34,96],[1976,3142,-2,57],[1974,3199,16,14],[1990,3213,13,1],[2003,3214,-1,45],[2002,3259,6,-2],[2008,3257,15,34],[2023,3291,-10,25],[2013,3316,17,-10],[2030,3306,13,8],[2043,3314,36,65],[2079,3379,8,1],[2087,3380,-9,12],[2078,3392,28,12],[2106,3404,-3,24],[2103,3428,20,-12],[2123,3416,-31,27],[2092,3443,-23,0],[2069,3443,-15,13],[2054,3456,-19,56],[2035,3512,-32,15],[2003,3527,-20,47],[1983,3574,-87,18],[1896,3592,1,22],[1897,3614,-18,13],[1879,3627,0,1],[2265,2652,-17,-43],[2248,2609,-33,-36],[2215,2573,-17,0],[2198,2573,-38,-23],[2160,2550,-63,-1],[2097,2549,-14,-78],[2083,2471,23,-12],[2106,2459,-16,-18],[2090,2441,-1,-49],[2089,2392,-47,-13],[2042,2379,-6,-22],[2036,2357,-79,-21],[1957,2336,-45,-27],[1912,2309,-11,-60],[1901,2249,7,-7],[1908,2242,29,17],[1937,2259,44,2],[1981,2261,100,-20],[2081,2241,68,32],[2241,2243,33,3],[2274,2246,-14,59],[2260,2305,-11,8],[2249,2313,2,30],[2251,2343,-14,20],[2237,2363,4,15],[2241,2378,-12,15],[2229,2393,98,52],[2327,2445,4,65],[2331,2510,-31,2],[2300,2512,-3,30],[2297,2542,-16,7],[2281,2549,1,31],[2282,2580,17,5],[2299,2585,10,33],[2309,2618,-43,34],[2266,2652,-1,0],[1209,3461,-24,0],[1185,3461,-4,-30],[1181,3431,-14,7],[1167,3438,-15,-10],[1152,3428,-21,2],[1131,3430,1,-21],[1132,3409,-15,-5],[1117,3404,-15,7],[1102,3411,-28,-44],[1074,3367,6,-15],[1080,3352,-33,-18],[1047,3334,-16,-33],[1031,3301,-42,0],[989,3301,-8,8],[981,3309,-37,-12],[944,3297,-16,11],[928,3308,-6,-48],[922,3260,-19,-17],[903,3243,9,-16],[912,3227,32,-13],[944,3214,26,-31],[970,3183,0,-24],[970,3159,25,-50],[995,3109,-5,-32],[990,3077,-19,-29],[971,3048,-27,-17],[944,3031,3,-15],[947,3016,-14,-14],[933,3002,-13,-45],[920,2957,50,22],[970,2979,40,-3],[1010,2976,3,17],[1013,2993,17,8],[1030,3001,6,-9],[1036,2992,5,13],[1041,3005,18,-16],[1059,2989,29,45],[1088,3034,-6,35],[1082,3069,9,16],[1091,3085,18,12],[1109,3097,26,-7],[1135,3090,15,6],[1150,3096,0,36],[1150,3132,10,17],[1160,3149,13,-1],[1173,3148,42,60],[1215,3208,16,2],[1231,3210,-30,8],[1201,3218,15,43],[1216,3261,10,8],[1226,3269,37,-4],[1263,3265,3,18],[1266,3283,29,-18],[1295,3265,17,5],[1312,3270,28,18],[1340,3288,-8,7],[1332,3295,9,32],[1341,3327,9,-1],[1350,3326,9,25],[1359,3351,17,-11],[1376,3340,10,4],[1386,3344,-8,25],[1378,3369,-42,4],[1336,3373,-10,27],[1326,3400,-17,6],[1309,3406,-1,10],[1308,3416,-8,-7],[1300,3409,-32,5],[1268,3414,-15,23],[1253,3437,-44,24],[1209,3461,0,0],[3321,1915,-11,-22],[3310,1893,-21,4],[3289,1897,-3,-43],[3286,1854,-23,-30],[3263,1824,22,0],[3285,1824,8,-9],[3293,1815,-52,-53],[3241,1762,-4,-25],[3237,1737,32,-5],[3269,1732,63,23],[3332,1755,47,48],[3379,1803,39,11],[3418,1814,16,18],[3434,1832,-10,32],[3424,1864,-29,5],[3395,1869,-20,19],[3375,1888,-30,0],[3345,1888,-10,21],[3335,1909,-14,6],[3321,1915,0,0],[3738,1864,-34,-20],[3704,1844,-8,7],[3696,1851,-65,4],[3631,1855,-10,-16],[3621,1839,-27,2],[3594,1841,-48,-58],[3546,1783,8,-31],[3554,1752,38,32],[3592,1784,16,-6],[3608,1778,4,-19],[3612,1759,27,1],[3639,1760,62,-29],[3701,1731,12,76],[3713,1807,31,49],[3744,1856,-6,8],[3738,1864,0,0],[3073,1588,-14,-8],[3059,1580,32,-17],[3091,1563,11,-25],[3102,1538,-12,-59],[3090,1479,-38,-38],[3052,1441,4,-25],[3056,1416,-8,-18],[3048,1398,41,-45],[3089,1353,30,2],[3119,1355,3,-33],[3122,1322,-8,-5],[3114,1317,-5,-37],[3109,1280,44,3],[3153,1283,36,18],[3189,1301,21,47],[3210,1348,37,51],[3247,1399,11,14],[3258,1413,8,-6],[3266,1407,31,46],[3297,1453,10,-5],[3307,1448,13,10],[3320,1458,4,19],[3324,1477,-42,7],[3282,1484,-22,45],[3260,1529,2,18],[3262,1547,-14,12],[3248,1559,-65,-7],[3183,1552,-26,26],[3157,1578,-27,-14],[3130,1564,-57,24],[3073,1588,0,0],[3025,1636,-14,0],[3011,1636,-5,-19],[3006,1617,17,-58],[3023,1559,-29,-100],[2994,1459,3,-19],[2997,1440,10,0],[3007,1440,-11,-28],[2996,1412,30,-32],[3026,1380,26,-1],[3052,1379,0,62],[3090,1479,12,60],[3102,1539,-11,24],[3059,1580,12,25],[3071,1605,-9,20],[3062,1625,-36,11],[3026,1636,-1,0],[562,926,-51,-30],[511,896,-12,3],[499,899,-4,-18],[495,881,-34,-18],[461,863,1,-34],[462,829,47,-20],[509,809,0,-28],[509,781,-24,-7],[485,774,49,-22],[534,752,17,3],[551,755,14,-20],[565,735,30,7],[595,742,6,-7],[601,735,13,16],[614,751,54,3],[668,754,33,30],[701,784,-1,71],[700,855,11,17],[711,872,-30,6],[681,878,-23,-7],[658,871,7,-13],[665,858,-33,1],[632,859,-38,63],[594,922,-32,3],[562,925,0,1],[2620,1423,-47,37],[2573,1460,-25,-65],[2548,1395,18,-40],[2566,1355,-48,-6],[2518,1349,-14,-22],[2504,1327,-21,2],[2483,1329,9,-46],[2492,1283,24,-31],[2516,1252,-29,-100],[2487,1152,12,-40],[2499,1112,26,-15],[2525,1097,39,10],[2564,1107,83,51],[2647,1158,75,79],[2722,1237,-1,33],[2721,1270,83,49],[2804,1319,-9,24],[2795,1343,-61,15],[2734,1358,-28,48],[2706,1406,-53,48],[2653,1454,-11,-24],[2642,1430,-21,-7],[2621,1423,-1,0],[3513,2192,-88,-4],[3425,2188,-5,-24],[3420,2164,-73,-61],[3347,2103,12,-26],[3359,2077,-13,-69],[3346,2008,-68,-45],[3278,1963,14,-19],[3292,1944,33,-4],[3325,1940,19,-13],[3344,1927,21,4],[3365,1931,85,-38],[3450,1893,28,2],[3478,1895,5,36],[3483,1931,41,53],[3524,1984,0,42],[3524,2026,24,40],[3548,2066,-12,28],[3536,2094,-25,24],[3511,2118,2,70],[3513,2188,0,4],[1558,1089,-28,9],[1530,1098,-44,-36],[1486,1062,-5,-20],[1481,1042,14,-130],[1495,912,21,-26],[1516,886,12,-36],[1528,850,20,-5],[1548,845,32,5],[1580,850,34,-6],[1614,844,8,42],[1622,886,-23,71],[1599,957,10,54],[1609,1011,-5,31],[1604,1042,-27,43],[1577,1085,-17,4],[1560,1089,-2,0],[3888,2093,-14,-32],[3874,2061,-34,-30],[3840,2031,-47,-10],[3793,2021,-25,-32],[3768,1989,0,-28],[3768,1961,-11,-18],[3757,1943,1,-58],[3758,1885,13,-31],[3771,1854,6,30],[3777,1884,53,21],[3830,1905,15,21],[3845,1926,95,10],[3940,1936,27,34],[3967,1970,-1,29],[3966,1999,-36,44],[3930,2043,-3,18],[3927,2061,-39,32],[3888,2093,0,0],[3603,2185,-16,-11],[3587,2174,-33,-3],[3554,2171,-18,10],[3536,2181,-23,0],[3513,2181,-2,-63],[3536,2094,12,-27],[3548,2067,-24,-41],[3524,2026,-3,-33],[3521,1993,12,-35],[3533,1958,35,26],[3568,1984,29,-41],[3597,1943,39,-21],[3636,1922,25,-28],[3661,1894,-7,-4],[3654,1890,8,-12],[3662,1878,75,-7],[3737,1871,8,37],[3745,1908,-27,39],[3718,1947,-77,43],[3641,1990,-52,8],[3589,1998,-17,19],[3572,2017,13,40],[3585,2057,19,3],[3604,2060,19,35],[3623,2095,42,1],[3665,2096,-3,15],[3662,2111,15,-1],[3677,2110,-2,34],[3675,2144,-36,39],[3639,2183,-35,1],[3604,2184,-1,1],[1482,2679,1,13],[1483,2692,-56,-34],[1427,2658,-96,15],[1331,2673,-23,-67],[1308,2606,0,-29],[1308,2577,-172,-184],[1136,2393,205,-51],[1341,2342,21,-32],[1362,2310,-1,-24],[1361,2286,26,-14],[1387,2272,-5,-10],[1382,2262,51,17],[1433,2279,20,-3],[1453,2276,13,18],[1466,2294,-3,10],[1463,2304,11,-3],[1474,2301,23,12],[1497,2313,0,8],[1497,2321,24,1],[1521,2322,-9,56],[1512,2378,5,18],[1517,2396,-13,0],[1504,2396,-21,29],[1483,2425,64,44],[1547,2469,-44,11],[1503,2480,-19,23],[1484,2503,-2,170],[1482,2673,0,6],[415,1701,-39,-7],[376,1694,-8,-14],[368,1680,-9,8],[359,1688,-17,-6],[342,1682,-11,-13],[331,1669,-19,1],[312,1670,3,-8],[315,1662,-15,-17],[300,1645,-6,-27],[294,1618,10,-27],[304,1591,-15,-73],[289,1518,13,-27],[302,1491,5,-57],[307,1434,-50,-60],[257,1374,4,-11],[261,1363,26,-14],[287,1349,21,16],[308,1365,14,35],[322,1400,29,16],[351,1416,26,27],[377,1443,18,55],[395,1498,18,11],[413,1509,41,99],[454,1608,15,8],[469,1616,-5,20],[464,1636,14,27],[478,1663,-7,27],[471,1690,-55,11],[416,1701,-1,0],[427,1504,-14,5],[322,1400,-13,-33],[309,1367,29,5],[338,1372,36,29],[374,1401,45,6],[419,1407,37,-41],[456,1366,3,-27],[459,1339,51,-34],[510,1305,26,0],[536,1305,-8,13],[528,1318,17,25],[545,1343,-2,10],[543,1353,-31,7],[512,1360,5,35],[517,1395,13,13],[530,1408,-20,35],[510,1443,33,31],[543,1474,-37,16],[506,1490,-42,-7],[464,1483,-36,21],[428,1504,-1,0],[460,858,-13,-36],[447,822,11,-34],[458,788,-72,22],[386,810,-81,-27],[305,783,-30,-43],[275,740,6,-13],[281,727,-8,-19],[273,708,18,-6],[291,702,19,23],[310,725,-1,23],[309,748,41,-21],[350,727,-5,-25],[345,702,9,-22],[354,680,-10,-9],[344,671,53,-40],[397,631,16,9],[413,640,13,-46],[426,594,17,-10],[443,584,18,25],[461,609,19,7],[480,616,60,1],[540,617,16,34],[556,651,-3,100],[553,751,-42,8],[511,759,-28,17],[483,776,26,5],[462,829,-2,29],[460,858,0,0],[3391,1487,-6,-7],[3385,1480,-20,5],[3365,1485,-16,-10],[3349,1475,-25,1],[3324,1476,-4,-18],[3297,1453,-32,-39],[3265,1414,9,-32],[3274,1382,16,-16],[3290,1366,-10,-30],[3280,1336,-31,-31],[3249,1305,3,-18],[3252,1287,32,-60],[3284,1227,36,-29],[3320,1198,38,55],[3358,1253,13,5],[3371,1258,12,34],[3383,1292,19,6],[3402,1298,20,29],[3422,1327,-15,60],[3407,1387,24,20],[3431,1407,-3,28],[3428,1435,16,45],[3444,1480,-52,7],[3392,1487,-1,0],[3401,1808,-22,-5],[3332,1755,-51,-21],[3281,1734,-111,14],[3170,1748,-11,-8],[3159,1740,24,-20],[3183,1720,-4,-67],[3179,1653,11,-43],[3190,1610,11,-20],[3201,1590,17,-4],[3218,1586,4,-20],[3222,1566,16,-7],[3238,1559,23,8],[3261,1567,1,27],[3262,1594,39,76],[3301,1670,61,26],[3362,1696,25,-5],[3387,1691,6,18],[3393,1709,29,0],[3422,1709,13,25],[3435,1734,3,39],[3438,1773,-7,7],[3431,1780,10,9],[3441,1789,-40,19],[3401,1808,0,0],[2035,1288,-37,-24],[1998,1264,-17,16],[1981,1280,-10,-36],[1971,1244,-7,4],[1964,1248,-27,-21],[1937,1227,-7,3],[1930,1230,-11,-25],[1919,1205,-27,2],[1892,1207,0,-20],[1892,1187,-23,-30],[1869,1157,-26,2],[1843,1159,-26,-19],[1817,1140,-24,-3],[1793,1137,-25,13],[1768,1150,-21,-19],[1747,1131,-36,-11],[1711,1120,-21,-27],[1690,1093,44,-27],[1734,1066,13,19],[1747,1085,113,44],[1860,1129,14,26],[1874,1155,17,0],[1891,1155,16,12],[1907,1167,13,-11],[1920,1156,24,8],[1944,1164,12,-36],[1956,1128,10,-2],[1966,1126,22,57],[1988,1183,-8,15],[1980,1198,15,12],[1995,1210,4,30],[1999,1240,45,-1],[2044,1239,18,23],[2062,1262,-27,25],[2035,1287,0,1],[3265,1970,-15,0],[3250,1970,-5,-33],[3245,1937,-14,-16],[3231,1921,-2,-29],[3229,1892,14,-12],[3243,1880,44,17],[3287,1897,23,-4],[3310,1893,9,24],[3319,1917,16,-8],[3395,1869,30,-5],[3425,1864,9,-32],[3434,1832,11,13],[3445,1845,-2,36],[3443,1881,-13,24],[3430,1905,-65,26],[3292,1944,-26,26],[3266,1970,-1,0],[2806,1309,-2,10],[2722,1237,-29,-34],[2693,1203,-49,-47],[2644,1156,-80,-49],[2564,1107,-48,-8],[2516,1099,-17,13],[2499,1112,-8,31],[2491,1143,-23,-5],[2468,1138,6,-51],[2474,1087,18,-40],[2492,1047,-1,-701],[2491,346,490,0],[2981,346,-1,697],[2980,1043,25,81],[3005,1124,-17,28],[2988,1152,4,19],[2992,1171,-9,-9],[2983,1162,-38,15],[2945,1177,-38,35],[2907,1212,-3,29],[2904,1241,-26,43],[2878,1284,-72,25],[2806,1309,0,0],[2507,2124,-57,-5],[2450,2119,26,-88],[2476,2031,61,-93],[2537,1938,72,1],[2609,1939,18,-18],[2627,1921,19,-3],[2646,1918,9,-18],[2655,1900,24,-3],[2679,1897,20,-85],[2699,1812,21,-4],[2720,1808,36,-39],[2756,1769,18,7],[2774,1776,43,-9],[2817,1767,-6,11],[2811,1778,14,18],[2825,1796,-8,22],[2817,1818,39,34],[2856,1852,0,18],[2856,1870,56,86],[2912,1956,6,32],[2918,1988,-27,3],[2891,1991,-23,51],[2868,2042,-47,6],[2821,2048,-48,-30],[2773,2018,-72,16],[2701,2034,-68,59],[2633,2093,-67,28],[2566,2121,-57,3],[2509,2124,-2,0],[2698,2570,-10,3],[2688,2573,-1,-17],[2687,2556,-13,-11],[2674,2545,-24,-3],[2650,2542,-32,-39],[2618,2503,-50,41],[2568,2544,-29,-6],[2539,2538,-18,15],[2521,2553,-15,-6],[2506,2547,-1,-40],[2505,2507,-25,-19],[2480,2488,7,-31],[2487,2457,37,21],[2524,2478,30,-25],[2554,2453,-15,-87],[2539,2366,26,-22],[2565,2344,14,-49],[2579,2295,26,-10],[2605,2285,46,21],[2651,2306,23,87],[2674,2393,19,0],[2693,2393,44,36],[2737,2429,31,12],[2768,2441,6,20],[2774,2461,16,4],[2790,2465,12,67],[2802,2532,-26,24],[2776,2556,-44,4],[2732,2560,-16,13],[2716,2573,-17,-4],[2699,2569,-1,1],[1525,1308,-18,18],[1507,1326,-53,-37],[1454,1289,-119,-24],[1335,1265,-18,-21],[1317,1244,-12,-37],[1305,1207,52,4],[1357,1211,27,-7],[1384,1204,10,-25],[1394,1179,51,-18],[1445,1161,69,-57],[1514,1104,46,-15],[1560,1089,19,20],[1579,1109,22,8],[1601,1117,65,-10],[1666,1107,24,-14],[1919,1205,4,19],[1923,1224,26,15],[1949,1239,-30,31],[1919,1270,-26,4],[1893,1274,-4,-16],[1889,1258,-36,-7],[1853,1251,0,-14],[1853,1237,-22,2],[1831,1239,-12,-15],[1819,1224,-21,-4],[1798,1220,-18,8],[1780,1228,-15,-14],[1765,1214,-51,26],[1714,1240,-2,22],[1712,1262,-14,-5],[1698,1257,-15,8],[1683,1265,-53,-31],[1630,1234,-25,32],[1605,1266,-33,8],[1572,1274,-21,26],[1551,1300,-25,8],[1526,1308,-1,0],[2106,3427,0,-23],[2003,3214,-14,-1],[1989,3213,-17,-23],[1972,3190,4,-48],[1976,3142,33,-96],[2009,3046,28,-8],[2037,3038,8,-14],[2045,3024,35,5],[2080,3029,2,21],[2082,3050,43,7],[2125,3057,29,-6],[2154,3051,17,13],[2171,3064,22,-5],[2193,3059,23,17],[2216,3076,29,-23],[2245,3053,38,14],[2283,3067,13,-4],[2296,3063,33,35],[2329,3098,-142,202],[2187,3300,38,5],[2225,3305,-23,51],[2202,3356,-25,22],[2177,3378,-47,20],[2130,3398,-10,23],[2120,3421,-13,5],[2107,3426,-1,1],[1319,2346,-183,47],[1136,2393,-207,-222],[929,2171,65,0],[994,2171,79,-31],[1073,2140,-8,-56],[1065,2084,30,-27],[1095,2057,61,10],[1156,2067,8,14],[1164,2081,9,0],[1173,2081,-3,22],[1170,2103,11,19],[1181,2122,-21,21],[1160,2143,5,10],[1165,2153,52,-23],[1217,2130,23,8],[1240,2138,55,-29],[1295,2109,-16,-41],[1279,2068,9,-14],[1288,2054,30,-16],[1318,2038,23,8],[1341,2046,10,-12],[1351,2034,31,4],[1382,2038,11,-66],[1393,1972,19,1],[1412,1973,14,25],[1426,1998,29,15],[1455,2013,22,25],[1477,2038,40,-3],[1517,2035,-7,35],[1510,2070,11,23],[1521,2093,-27,8],[1494,2101,-20,32],[1474,2133,-33,18],[1441,2151,1,55],[1442,2206,-36,14],[1406,2220,-46,-8],[1360,2212,-6,8],[1354,2220,17,62],[1371,2282,-11,7],[1360,2289,-5,42],[1355,2331,-34,14],[1321,2345,-2,1],[779,1177,-41,-10],[738,1167,-43,-35],[695,1132,-30,-1],[665,1131,-1,-25],[664,1106,-51,-46],[613,1060,19,-33],[632,1027,9,-58],[641,969,33,-16],[674,953,-25,-20],[649,933,-25,1],[624,934,-16,25],[608,959,-16,-6],[592,953,-61,28],[531,981,-23,-8],[508,973,27,-32],[535,941,2,-31],[537,910,24,17],[561,927,30,-4],[591,923,41,-64],[632,859,26,-4],[658,855,7,3],[665,858,-3,15],[662,873,43,2],[705,875,51,19],[756,894,12,-5],[768,889,30,48],[798,937,-32,19],[766,956,2,12],[768,968,-16,14],[752,982,7,30],[759,1012,-7,18],[752,1030,10,43],[762,1073,33,36],[795,1109,-1,18],[794,1127,11,12],[805,1139,-3,15],[802,1154,-23,23],[779,1177,0,0],[2894,1709,-9,4],[2885,1713,-26,-33],[2859,1680,22,-71],[2881,1609,31,-30],[2912,1579,-15,-75],[2897,1504,11,-47],[2908,1457,40,2],[2948,1459,8,-13],[2956,1446,28,12],[2984,1458,10,-7],[2994,1451,29,111],[3023,1562,-5,31],[3018,1593,-13,17],[3005,1610,6,26],[3011,1636,-13,17],[2998,1653,-4,45],[2994,1698,-32,-14],[2962,1684,-28,12],[2934,1696,-21,-4],[2913,1692,-18,17],[2895,1709,-1,0],[910,630,-30,-4],[880,626,-15,-14],[865,612,-12,12],[853,624,-32,-22],[821,602,-16,7],[805,609,8,-17],[813,592,-11,-55],[802,537,16,-39],[818,498,-3,-36],[815,462,-11,-3],[804,459,-5,-17],[799,442,-21,-2],[778,440,-5,-20],[773,420,-20,-6],[753,414,-5,-19],[748,395,-19,-2],[729,393,-25,-32],[704,361,-1,-27],[703,334,-20,-30],[683,304,38,-13],[721,291,44,10],[765,301,35,-7],[800,294,20,6],[820,300,30,34],[850,334,51,22],[901,356,25,-10],[926,346,355,0],[1281,346,0,35],[1281,381,-50,45],[1231,426,18,28],[1249,454,-27,19],[1222,473,6,46],[1228,519,-35,38],[1193,557,-46,24],[1147,581,-30,-17],[1117,564,-35,0],[1082,564,-30,-15],[1052,549,-32,6],[1020,555,-44,25],[976,580,-2,20],[974,600,-17,15],[957,615,-47,14],[910,629,0,1],[2732,1559,-45,-2],[2687,1557,-2,-17],[2685,1540,-34,9],[2651,1549,-9,-16],[2642,1533,-20,2],[2622,1535,-4,-9],[2618,1526,6,-37],[2624,1489,16,-11],[2640,1478,2,-17],[2642,1461,64,-55],[2706,1406,30,-50],[2736,1356,63,-15],[2799,1341,1,62],[2800,1403,18,-3],[2818,1400,-3,6],[2815,1406,22,13],[2837,1419,-6,14],[2831,1433,31,17],[2862,1450,-10,12],[2852,1462,14,18],[2866,1480,-14,3],[2852,1483,3,15],[2855,1498,11,-9],[2866,1489,6,13],[2872,1502,-50,32],[2822,1534,-12,-11],[2810,1523,-78,36],[2732,1559,0,0],[3376,4056,-45,39],[3331,4095,-96,-92],[3235,4003,112,-178],[3347,3825,3,-53],[3350,3772,-9,-14],[3341,3758,1,-44],[3342,3714,-17,-7],[3325,3707,-2,-17],[3323,3690,-44,-35],[3279,3655,21,-19],[3300,3636,32,-1],[3332,3635,-7,-42],[3325,3593,-51,-21],[3274,3572,-28,9],[3246,3581,-47,-2],[3199,3579,-11,-13],[3188,3566,8,-46],[3196,3520,-6,-39],[3190,3481,15,-42],[3205,3439,26,-11],[3231,3428,25,14],[3256,3442,14,-9],[3270,3433,-4,-42],[3266,3391,13,7],[3279,3398,126,-7],[3405,3391,76,-40],[3481,3351,3,-18],[3484,3333,17,-13],[3501,3320,97,-47],[3598,3273,42,6],[3640,3279,34,-9],[3674,3270,34,12],[3708,3282,25,-8],[3733,3274,29,16],[3762,3290,-10,18],[3752,3308,-25,9],[3727,3317,-13,-5],[3714,3312,-30,29],[3684,3341,-6,72],[3678,3413,-13,43],[3665,3456,-22,20],[3643,3476,1,32],[3644,3508,13,13],[3657,3521,-23,42],[3634,3563,27,0],[3661,3563,20,18],[3681,3581,9,109],[3690,3690,-44,17],[3646,3707,-8,18],[3638,3725,-22,12],[3616,3737,-30,-5],[3586,3732,-17,-30],[3569,3702,4,19],[3573,3721,-47,51],[3526,3772,-57,-11],[3469,3761,14,19],[3483,3780,-27,9],[3456,3789,20,17],[3476,3806,35,0],[3511,3806,-8,36],[3503,3842,-96,-14],[3407,3828,3,17],[3410,3845,21,11],[3431,3856,11,44],[3442,3900,-56,34],[3386,3934,-1,13],[3385,3947,22,6],[3407,3953,2,9],[3409,3962,-8,26],[3401,3988,-23,26],[3378,4014,12,16],[3390,4030,-14,26],[343,198,-15,10],[328,208,-1,-27],[327,181,-36,-6],[291,175,5,-10],[296,165,-22,-9],[274,156,-21,-30],[253,126,1,-27],[254,99,-24,4],[230,103,10,-80],[240,23,17,-23],[257,0,48,16],[305,16,33,32],[338,48,25,-13],[363,35,-1,22],[362,57,16,17],[378,74,23,4],[401,78,12,-9],[413,69,19,25],[432,94,19,4],[451,98,-5,85],[446,183,-14,-2],[432,181,-7,-18],[425,163,-2,15],[423,178,-13,-2],[410,176,-39,21],[371,197,-28,1],[343,198,0,0],[733,1755,-48,-34],[685,1721,-79,-21],[606,1700,-10,-10],[596,1690,-12,17],[584,1707,-3,-44],[581,1663,-35,-22],[546,1641,4,-21],[550,1620,-40,-30],[510,1590,-2,8],[508,1598,-20,4],[488,1602,-24,-26],[464,1576,-17,11],[447,1587,-29,-52],[418,1535,-5,-27],[413,1508,51,-25],[506,1490,34,-12],[540,1478,2,-10],[542,1468,-32,-25],[512,1360,33,-10],[545,1350,-17,-32],[528,1318,16,-33],[544,1285,-1,-28],[543,1257,70,3],[613,1260,1,18],[614,1278,-13,5],[601,1283,12,22],[613,1305,-5,12],[608,1317,11,11],[619,1328,-26,35],[593,1363,15,19],[608,1382,-6,31],[602,1413,71,61],[673,1474,-14,7],[659,1481,-1,14],[658,1495,-23,5],[635,1500,-13,28],[622,1528,20,20],[642,1548,9,27],[651,1575,-8,36],[643,1611,18,2],[661,1613,22,27],[683,1640,12,23],[695,1663,-11,4],[684,1667,3,12],[687,1679,17,28],[704,1707,42,29],[746,1736,-13,19],[733,1755,0,0],[2761,2424,-19,7],[2742,2431,-49,-38],[2674,2393,-25,-90],[2649,2303,-28,-17],[2621,2286,-35,3],[2566,2121,31,-12],[2597,2109,8,26],[2605,2135,23,24],[2628,2159,112,54],[2740,2213,29,61],[2769,2274,39,39],[2808,2313,-3,18],[2805,2331,14,21],[2819,2352,-51,45],[2768,2397,-7,27],[2761,2424,0,0],[824,1864,-86,63],[738,1927,0,-122],[738,1805,-9,-20],[729,1785,11,-17],[740,1768,-7,-14],[733,1754,22,-33],[755,1721,44,-20],[799,1701,72,-9],[871,1692,47,-33],[918,1659,56,5],[974,1664,17,17],[991,1681,1,21],[992,1702,31,12],[1023,1714,22,37],[1045,1751,19,-18],[1064,1733,75,48],[1139,1781,22,0],[1161,1781,16,29],[1177,1810,-18,65],[1159,1875,-5,6],[1154,1881,-12,-6],[1142,1875,-19,19],[1123,1894,-16,-17],[1107,1877,-89,-14],[1018,1863,-24,20],[994,1883,-17,2],[977,1885,-37,-29],[940,1856,-24,7],[916,1863,-25,-33],[891,1830,-37,25],[854,1855,-29,9],[825,1864,-1,0],[1258,1934,-17,0],[1241,1934,-26,-26],[1215,1908,-39,8],[1176,1916,-36,-37],[1140,1879,19,-4],[1159,1875,18,-64],[1177,1811,-10,-25],[1167,1786,2,-49],[1169,1737,30,-25],[1199,1712,4,-20],[1203,1692,13,-4],[1216,1688,32,-68],[1248,1620,14,-12],[1262,1608,104,-39],[1366,1569,19,27],[1385,1596,-3,40],[1382,1636,31,18],[1413,1654,-6,17],[1407,1671,13,31],[1420,1702,-14,17],[1406,1719,-3,23],[1403,1742,58,28],[1461,1770,15,23],[1476,1793,-12,20],[1464,1813,-20,7],[1444,1820,-46,47],[1398,1867,-7,25],[1391,1892,-29,0],[1362,1892,-34,25],[1328,1917,-30,11],[1298,1928,-19,-7],[1279,1921,-21,13],[1258,1934,0,0],[2828,2533,-25,-11],[2803,2522,-13,-57],[2768,2441,-16,-10],[2752,2431,12,-8],[2764,2423,4,-26],[2768,2397,53,-49],[2821,2348,-12,-6],[2809,2342,-1,-29],[2740,2213,141,49],[2881,2262,16,27],[2897,2289,17,64],[2914,2353,-4,17],[2910,2370,17,24],[2927,2394,1,15],[2928,2409,-29,37],[2899,2446,-6,35],[2873,2491,-13,25],[2860,2516,-32,17],[2828,2533,0,0],[2492,955,-660,-3],[1832,952,0,-47],[1832,905,40,-40],[1872,865,6,-23],[1878,842,-7,-23],[1871,819,-39,-33],[1832,786,-1,-441],[1831,345,660,1],[2491,346,1,568],[2492,914,0,41],[2982,1922,-31,40],[2951,1962,-33,26],[2856,1852,-18,-18],[2838,1834,39,-36],[2877,1798,-2,-20],[2875,1778,25,0],[2900,1778,-15,-65],[2885,1713,18,-4],[2903,1709,11,-17],[2914,1692,20,4],[2994,1698,15,23],[3009,1721,7,43],[3016,1764,50,78],[3066,1842,-34,54],[3032,1896,-49,26],[2983,1922,-1,0],[1625,1112,-40,1],[1585,1113,-20,-23],[1565,1090,12,-5],[1599,957,22,-78],[1621,879,15,-15],[1636,864,31,1],[1667,865,5,30],[1672,895,13,-7],[1685,888,5,7],[1690,895,26,-21],[1716,874,18,4],[1734,878,12,25],[1746,903,25,5],[1771,908,32,33],[1803,941,29,11],[1832,952,-40,16],[1792,968,-23,30],[1769,998,-12,36],[1757,1034,11,15],[1768,1049,-21,1],[1747,1050,-78,56],[1669,1106,-40,6],[1629,1112,-4,0],[2287,1351,-30,-1],[2257,1350,-11,-19],[2246,1331,3,-19],[2249,1312,-19,-7],[2230,1305,-14,-23],[2216,1282,24,-26],[2240,1256,26,6],[2266,1262,44,-46],[2310,1216,26,43],[2336,1259,-2,31],[2334,1290,-21,10],[2313,1300,-3,33],[2310,1333,-12,-1],[2298,1332,-11,19],[2287,1351,0,0],[2598,1940,-61,-2],[2537,1938,21,-18],[2558,1920,3,-30],[2561,1890,-5,-29],[2556,1861,-17,-19],[2539,1842,-3,-43],[2536,1799,11,-59],[2547,1740,62,-84],[2609,1656,21,-95],[2630,1561,-7,-27],[2623,1534,15,-3],[2638,1531,13,18],[2651,1549,37,-8],[2688,1541,-1,16],[2687,1557,41,6],[2728,1563,26,-11],[2754,1552,-2,33],[2752,1585,22,25],[2774,1610,4,18],[2778,1628,15,6],[2793,1634,6,27],[2799,1661,17,10],[2816,1671,-17,10],[2799,1681,18,86],[2720,1808,-20,2],[2700,1810,-20,86],[2680,1896,-25,4],[2655,1900,-10,19],[2645,1919,-45,20],[2600,1939,-2,1],[676,1473,-30,-16],[646,1457,-44,-44],[614,1278,2,-15],[616,1263,-71,-10],[545,1253,-4,-43],[541,1210,20,-10],[561,1200,10,-17],[571,1183,40,-18],[611,1165,14,5],[625,1170,10,-8],[635,1162,2,15],[637,1177,25,0],[662,1177,21,-21],[683,1156,-4,-19],[679,1137,8,-7],[687,1130,51,37],[738,1167,57,14],[795,1181,31,31],[826,1212,75,-9],[901,1203,42,87],[943,1290,21,14],[964,1304,7,24],[971,1328,-5,21],[966,1349,-44,23],[922,1372,-29,28],[893,1400,-45,-5],[848,1395,-46,-63],[802,1332,-21,-9],[781,1323,-10,6],[771,1329,-27,-20],[744,1309,5,17],[749,1326,-30,41],[719,1367,17,21],[736,1388,-12,18],[724,1406,-27,15],[697,1421,9,28],[706,1449,-30,24],[676,1473,0,0],[115,745,-37,76],[78,821,-18,-91],[60,730,15,-8],[75,722,-3,-50],[72,672,12,-15],[84,657,-11,-19],[73,638,-15,-3],[58,635,11,-21],[69,614,-29,-67],[40,547,0,-53],[40,494,11,-27],[51,467,-10,-23],[41,444,8,-27],[49,417,-42,-3],[7,414,15,-55],[22,359,-12,-1],[10,358,-1,-18],[9,340,11,-16],[20,324,12,2],[32,326,37,-22],[69,304,36,-1],[105,303,25,-14],[130,289,16,10],[146,299,-9,24],[137,323,8,1],[145,324,-20,14],[125,338,22,16],[147,354,29,-30],[176,324,22,-4],[198,320,26,-25],[224,295,24,17],[248,312,-12,19],[236,331,5,9],[241,340,-27,26],[214,366,-4,24],[210,390,3,17],[213,407,24,13],[237,420,-45,61],[192,481,-2,39],[190,520,-16,24],[174,544,2,25],[176,569,-21,24],[155,593,16,17],[171,610,-7,10],[164,620,-16,-10],[148,610,-17,6],[131,616,-16,28],[115,644,-2,50],[113,694,21,18],[134,712,-19,33],[115,745,0,0],[3677,2120,-1,-11],[3676,2109,-14,1],[3662,2110,3,-14],[3604,2060,-18,-3],[3586,2057,-15,-37],[3571,2020,18,-22],[3641,1990,75,-42],[3716,1948,29,-40],[3745,1908,-2,73],[3743,1981,-40,50],[3703,2031,-1,74],[3702,2105,-25,15],[3677,2120,0,0],[3152,2787,-12,7],[3140,2794,-46,-44],[3094,2750,-32,2],[3062,2752,-7,-13],[3055,2739,-21,-8],[3034,2731,-43,21],[2991,2752,8,-53],[2999,2699,-46,-37],[2953,2662,54,-28],[3230,2482,32,-5],[3262,2477,-2,14],[3260,2491,-13,9],[3247,2500,16,9],[3263,2509,-7,11],[3256,2520,15,14],[3271,2534,-20,12],[3251,2546,27,35],[3278,2581,-14,14],[3264,2595,-4,34],[3260,2629,-9,3],[3251,2632,-4,41],[3247,2673,26,40],[3273,2713,-120,73],[3153,2786,-1,1],[3343,3760,4,65],[3235,4003,-264,-252],[2971,3751,69,-115],[3040,3636,22,-17],[3062,3619,-7,-25],[3055,3594,17,-37],[3072,3557,16,-3],[3088,3554,42,-42],[3130,3512,14,-41],[3144,3471,63,-34],[3207,3437,-17,44],[3342,3714,1,44],[3343,3758,0,2],[423,1405,-49,-4],[374,1401,-29,-25],[345,1376,-36,-9],[309,1367,-22,-18],[261,1363,-4,12],[257,1375,-30,-37],[227,1338,-37,-152],[190,1186,-7,-7],[183,1179,-34,0],[149,1179,-2,-11],[147,1168,-24,-17],[123,1151,0,-25],[123,1126,-14,-11],[109,1115,7,-56],[116,1059,14,-18],[130,1041,-12,-8],[118,1033,-22,-122],[96,911,143,1],[239,912,14,8],[253,920,0,11],[253,931,35,-4],[288,927,10,13],[298,940,16,-1],[314,939,15,19],[329,958,40,22],[369,980,16,0],[385,980,8,13],[393,993,10,-4],[403,989,38,21],[441,1010,21,0],[462,1010,0,-12],[462,998,25,9],[487,1007,29,86],[516,1093,11,49],[527,1142,-4,50],[523,1192,17,24],[540,1216,7,50],[547,1266,-11,39],[536,1305,-33,2],[503,1307,-18,21],[485,1328,-26,11],[456,1366,-33,38],[423,1404,0,1],[1586,1646,-15,1],[1571,1647,1,-15],[1572,1632,-15,-25],[1557,1607,-33,-7],[1524,1600,-8,-13],[1516,1587,18,-24],[1534,1563,-18,-1],[1516,1562,-2,-38],[1514,1524,-12,-8],[1502,1516,10,-7],[1512,1509,-3,-26],[1509,1483,27,-35],[1536,1448,16,-55],[1552,1393,-22,-46],[1530,1347,-23,-21],[1507,1326,27,-25],[1534,1301,17,-1],[1630,1234,50,28],[1680,1262,35,43],[1715,1305,60,-3],[1775,1302,25,67],[1800,1369,-30,64],[1770,1433,-3,37],[1767,1470,-26,16],[1741,1486,32,45],[1773,1531,-25,39],[1748,1570,18,23],[1766,1593,-55,23],[1711,1616,-40,3],[1671,1619,-17,18],[1654,1637,-48,-6],[1606,1631,-19,15],[1587,1646,-1,0],[3271,2715,-3,-19],[3268,2696,-11,-3],[3257,2693,-10,-20],[3260,2491,-5,-22],[3223,2413,2,-17],[3225,2396,18,-21],[3243,2331,-43,-32],[3200,2299,-1,-17],[3199,2282,-11,-2],[3188,2280,13,-2],[3201,2278,-3,-13],[3198,2265,35,-2],[3233,2263,41,-24],[3274,2239,27,-5],[3301,2234,48,10],[3349,2244,159,-6],[3508,2238,0,244],[3508,2482,-8,99],[3500,2581,-229,134],[3271,2715,0,0],[2473,2039,-23,80],[2450,2119,-93,-17],[2357,2102,0,-48],[2357,2054,40,-16],[2397,2038,32,-76],[2429,1962,6,-76],[2435,1886,-18,-108],[2417,1778,14,-103],[2431,1675,46,-78],[2477,1597,12,-49],[2489,1548,36,-20],[2525,1528,43,-46],[2568,1482,3,-20],[2571,1462,47,-39],[2618,1423,24,7],[2642,1430,8,23],[2650,1453,-10,25],[2618,1526,12,35],[2609,1656,-62,87],[2547,1743,-9,97],[2538,1840,18,24],[2556,1864,3,54],[2559,1918,-19,11],[2540,1929,-3,19],[2537,1948,-61,83],[2476,2031,-3,8],[921,1213,-24,-12],[897,1201,-69,12],[828,1213,-33,-32],[795,1181,-17,-1],[778,1180,10,-20],[788,1160,14,-6],[802,1154,3,-16],[805,1138,-11,-11],[766,956,28,-12],[794,944,21,26],[815,970,22,5],[837,975,27,-8],[864,967,8,-13],[872,954,47,2],[919,956,17,23],[936,979,27,12],[963,991,43,-4],[1006,987,8,7],[1014,994,-1,15],[1013,1009,21,12],[1034,1021,-22,59],[1012,1080,21,-8],[1033,1072,5,7],[1038,1079,40,0],[1078,1079,39,24],[1117,1103,-8,20],[1109,1123,11,23],[1120,1146,-5,18],[1115,1164,-26,19],[1089,1183,-2,21],[1087,1204,-24,-4],[1063,1200,-54,11],[1009,1211,-58,-7],[951,1204,-30,9],[921,1213,0,0],[1168,1784,-29,-3],[1139,1781,-76,-48],[1063,1733,-18,18],[1023,1714,-32,-13],[991,1701,0,-20],[991,1681,-12,-14],[979,1667,-31,-3],[948,1664,17,-26],[965,1638,49,-31],[1014,1607,14,-33],[1028,1574,48,-26],[1076,1548,75,-30],[1151,1518,16,15],[1167,1533,21,3],[1188,1536,52,-21],[1240,1515,15,7],[1255,1522,28,29],[1283,1551,12,41],[1295,1592,-45,26],[1250,1618,-34,70],[1169,1737,-1,46],[1168,1783,0,1],[1777,1838,-12,17],[1765,1855,-27,-47],[1738,1808,-23,-4],[1715,1804,-30,-41],[1685,1763,-40,-29],[1645,1734,-5,-42],[1640,1692,-51,7],[1589,1699,-1,-29],[1588,1670,-17,-23],[1571,1647,8,4],[1579,1651,27,-20],[1671,1619,38,-3],[1709,1616,34,-19],[1743,1597,20,-2],[1763,1595,-15,-25],[1773,1531,-10,-23],[1763,1508,60,27],[1823,1535,9,-4],[1832,1531,10,-36],[1842,1495,1,18],[1843,1513,13,16],[1856,1529,15,-1],[1871,1528,64,32],[1935,1560,27,-9],[1962,1551,9,6],[1971,1557,20,68],[1991,1625,-27,55],[1964,1680,-33,24],[1931,1704,-84,19],[1847,1723,-12,23],[1835,1746,-2,48],[1833,1794,-54,43],[1779,1837,-2,1],[3246,1879,-28,20],[3218,1899,-20,-39],[3198,1860,-22,-17],[3176,1843,-15,17],[3161,1860,-60,9],[3101,1869,-43,-16],[3058,1853,49,-42],[3107,1811,18,-45],[3125,1766,34,-26],[3159,1740,10,8],[3169,1748,68,-11],[3237,1737,6,29],[3243,1766,50,49],[3289,1897,-43,-18],[3246,1879,0,0],[929,2171,-191,-203],[738,1968,0,-41],[738,1927,9,-9],[747,1918,83,-60],[830,1858,24,-3],[854,1855,32,-25],[886,1830,10,1],[896,1831,20,32],[994,1883,23,-20],[1017,1863,90,14],[1123,1894,18,-14],[1141,1880,35,36],[1215,1908,29,27],[1244,1935,42,-15],[1286,1920,31,28],[1317,1948,38,2],[1355,1950,18,20],[1373,1970,20,2],[1295,2109,-13,12],[1282,2121,-47,18],[1235,2139,-18,-9],[1065,2084,-2,32],[1063,2116,11,23],[1074,2139,-58,26],[1016,2165,-22,6],[1121,1093,-3,13],[1118,1106,-40,-27],[936,979,-15,-22],[921,957,-29,3],[892,960,-8,-8],[884,952,-38,22],[846,974,-29,-3],[817,971,-35,-55],[782,916,12,-22],[794,894,-9,-44],[785,850,47,-37],[832,813,4,-27],[836,786,12,-4],[848,782,-10,-23],[838,759,17,-13],[855,746,19,4],[874,750,47,-42],[921,708,-9,-12],[912,696,30,-1],[942,695,-33,-41],[909,654,7,-28],[916,626,41,-11],[976,580,39,-24],[1015,556,37,-7],[1082,564,38,1],[1120,565,27,16],[1147,581,4,35],[1151,616,41,74],[1192,690,2,35],[1194,725,-2,21],[1192,746,-15,15],[1177,761,-38,82],[1139,843,-10,45],[1129,888,22,84],[1151,972,0,51],[1151,1023,-17,22],[1134,1045,-37,-9],[1097,1036,-2,8],[1095,1044,26,28],[1121,1072,0,20],[1121,1092,0,1],[1709,2758,-23,-7],[1686,2751,-42,-36],[1644,2715,-6,-196],[1638,2519,18,-35],[1656,2484,86,-14],[1742,2470,11,-34],[1753,2436,19,-7],[1772,2429,-17,-11],[1755,2418,-16,-29],[1739,2389,6,-32],[1745,2357,22,-30],[1767,2327,-5,-75],[1762,2252,43,-14],[1805,2238,14,-20],[1819,2218,22,10],[1841,2228,49,1],[1890,2229,13,14],[1903,2243,9,66],[2042,2379,47,12],[2089,2391,1,50],[2083,2471,15,77],[2098,2548,-26,48],[2072,2596,-2,39],[2070,2635,-42,42],[2028,2677,-13,-9],[2015,2668,-16,4],[1999,2672,-25,-21],[1974,2651,-31,3],[1943,2654,-71,44],[1872,2698,-21,-4],[1851,2694,-10,21],[1841,2715,-53,23],[1788,2738,-18,20],[1770,2758,-61,0],[1709,2758,0,0],[13,337,-10,-84],[3,253,7,-19],[10,234,-10,-22],[0,212,27,-26],[27,186,-12,-35],[15,151,11,-33],[26,118,-13,-51],[13,67,65,4],[78,71,39,30],[117,101,51,-23],[168,78,0,17],[168,95,18,28],[186,123,-28,61],[158,184,-23,21],[135,205,31,3],[166,208,-49,48],[117,256,18,33],[135,289,-34,15],[101,304,-35,1],[66,305,-34,21],[20,324,-7,13],[13,337,0,0],[541,1210,-18,-18],[527,1142,-44,-153],[483,989,20,-17],[503,972,28,9],[608,959,11,-22],[619,937,17,-6],[636,931,38,22],[665,1131,17,8],[682,1139,2,13],[684,1152,-24,26],[660,1178,-23,-1],[635,1162,-39,8],[596,1170,-54,40],[542,1210,-1,0],[2926,3753,-93,7],[2833,3760,1,-29],[2834,3731,-13,-13],[2821,3718,5,-11],[2826,3707,-19,-34],[2807,3673,11,-48],[2818,3625,-24,-11],[2794,3614,-4,-33],[2790,3581,-66,5],[2724,3586,-56,-18],[2668,3568,-49,19],[2619,3587,-30,-31],[2589,3556,-27,-6],[2562,3550,-14,-25],[2548,3525,-25,-7],[2523,3518,-1,-9],[2522,3509,-9,3],[2513,3512,-14,-17],[2499,3495,-88,-11],[2411,3484,-28,11],[2383,3495,0,-28],[2383,3467,-28,-29],[2355,3438,18,-16],[2373,3422,1,-34],[2374,3388,-8,-39],[2366,3349,-8,-2],[2358,3347,24,-9],[2382,3338,17,21],[2399,3359,20,4],[2419,3363,2,-22],[2421,3341,10,-7],[2431,3334,52,-9],[2483,3325,6,18],[2489,3343,41,20],[2530,3363,-11,26],[2519,3389,55,-33],[2574,3356,31,-55],[2605,3301,26,10],[2631,3311,17,-21],[2648,3290,1,-22],[2649,3268,30,-5],[2679,3263,10,15],[2689,3278,3,64],[2814,3380,66,33],[2880,3413,10,17],[2890,3430,61,-4],[2962,3411,75,-1],[3037,3410,25,-20],[3062,3390,33,-5],[3095,3385,13,4],[3108,3389,26,33],[3134,3422,10,64],[3144,3486,-31,45],[3113,3531,-26,24],[3087,3555,-15,2],[2971,3751,-17,0],[2954,3751,-28,2],[1136,3745,-36,-33],[1100,3712,-22,8],[1078,3720,-20,-9],[1058,3711,-21,-32],[1037,3679,2,-13],[1039,3666,-46,-55],[993,3611,-20,-51],[973,3560,57,15],[1030,3575,1,-75],[1031,3500,-16,-23],[1015,3477,21,-26],[1036,3451,28,-7],[1064,3444,3,12],[1067,3456,48,-11],[1115,3445,11,37],[1126,3482,12,0],[1138,3482,16,44],[1154,3526,-9,13],[1145,3539,-3,63],[1142,3602,10,34],[1152,3636,1,103],[1153,3739,-17,6],[1136,3745,0,0],[2455,2864,-14,-3],[2441,2861,-23,-25],[2418,2836,-64,-4],[2354,2832,11,-8],[2365,2824,-11,-31],[2354,2793,-32,-13],[2322,2780,-27,-26],[2295,2754,5,-24],[2300,2730,19,-3],[2319,2727,12,-13],[2331,2714,-6,-22],[2325,2692,-11,-13],[2314,2679,-24,-3],[2290,2676,-22,-27],[2268,2649,41,-31],[2309,2618,-2,-24],[2307,2594,50,-4],[2357,2590,9,13],[2366,2603,11,-2],[2377,2601,0,-10],[2377,2591,39,3],[2416,2594,18,-37],[2434,2557,38,14],[2472,2571,8,-19],[2480,2552,29,16],[2509,2568,20,23],[2529,2591,-8,28],[2521,2619,-70,33],[2451,2652,-9,75],[2442,2727,31,-16],[2473,2711,7,17],[2480,2728,37,7],[2517,2735,9,38],[2526,2773,-14,34],[2512,2807,-15,9],[2497,2816,-13,43],[2484,2859,-22,-9],[2462,2850,-7,14],[2455,2864,0,0],[3153,3467,-9,4],[3144,3471,-10,-49],[3134,3422,-31,-37],[3103,3385,-30,2],[3073,3387,-36,23],[3037,3410,-36,4],[3001,3414,7,-95],[3008,3319,40,-13],[3314,2938,16,19],[3330,2957,0,18],[3330,2975,46,41],[3376,3016,42,21],[3418,3037,34,3],[3452,3040,85,-23],[3537,3017,15,131],[3552,3148,51,58],[3603,3206,37,72],[3640,3278,-42,-5],[3598,3273,-65,31],[3533,3304,-48,28],[3485,3332,-3,19],[3482,3351,-24,16],[3458,3367,-56,25],[3402,3392,-123,6],[3231,3428,-51,23],[3180,3451,-27,16],[3302,2234,-41,14],[3261,2248,3,-41],[3264,2207,-35,-73],[3229,2134,-48,-70],[3181,2064,12,-26],[3193,2038,-37,2],[3156,2040,-21,-15],[3135,2025,17,-19],[3152,2006,42,2],[3194,2008,40,-35],[3234,1973,44,-10],[3425,2188,88,6],[3513,2194,0,44],[3513,2238,-164,6],[3349,2244,-45,-10],[3304,2234,-2,0],[2366,2603,-11,-13],[2355,2590,-34,0],[2321,2590,-18,9],[2303,2599,-4,-14],[2299,2585,-17,-4],[2282,2581,-1,-32],[2297,2542,1,-27],[2298,2515,33,-4],[2331,2511,-4,-66],[2274,2246,40,20],[2444,2377,57,-20],[2501,2357,40,5],[2541,2362,-4,19],[2537,2381,15,26],[2552,2407,2,46],[2487,2457,-2,5],[2485,2462,-5,26],[2506,2547,-16,9],[2490,2556,-10,-4],[2434,2557,-16,36],[2418,2593,-41,-2],[2377,2591,-10,12],[2367,2603,-1,0],[3714,2210,-54,-34],[3660,2176,-24,5],[3636,2181,39,-37],[3675,2144,4,-26],[3679,2118,23,-13],[3743,1981,4,-71],[3747,1910,-12,-28],[3735,1882,8,-29],[3743,1853,31,-3],[3774,1850,-16,35],[3874,2061,11,15],[3885,2076,3,39],[3816,2170,-10,22],[3806,2192,-92,18],[3714,2210,0,0],[1507,2039,-31,-2],[1476,2037,-21,-24],[1455,2013,-32,-17],[1423,1996,-11,-23],[1412,1973,-39,-2],[1373,1971,-17,-21],[1356,1950,-37,-1],[1319,1949,-21,-20],[1298,1929,64,-37],[1362,1892,30,0],[1392,1892,6,-25],[1398,1867,28,-32],[1426,1835,49,-36],[1475,1799,-14,-29],[1420,1702,-4,-20],[1416,1682,94,-7],[1510,1675,61,-28],[1738,1808,12,27],[1750,1835,11,4],[1761,1839,5,51],[1766,1890,-11,14],[1755,1904,9,22],[1764,1926,-67,110],[1697,2036,-63,-26],[1634,2010,-63,17],[1571,2027,-34,-3],[1537,2024,-30,15],[1507,2039,0,0],[1013,1606,-6,3],[1007,1609,-4,-9],[1003,1600,14,-34],[1017,1566,2,-41],[1019,1525,-37,-15],[982,1510,-26,-21],[956,1489,25,-25],[981,1464,5,-23],[986,1441,-16,-44],[970,1397,7,-17],[977,1380,-12,-19],[965,1361,6,-33],[971,1328,-69,-121],[902,1207,17,6],[919,1213,32,-9],[951,1204,60,7],[1011,1211,81,-8],[1092,1203,3,22],[1095,1225,63,49],[1158,1274,24,29],[1182,1303,3,12],[1185,1315,-22,42],[1163,1357,21,29],[1184,1386,0,40],[1184,1426,45,-1],[1229,1425,35,15],[1264,1440,-5,7],[1259,1447,12,20],[1271,1467,-1,28],[1270,1495,-35,25],[1235,1520,-45,16],[1190,1536,-23,-3],[1167,1533,-18,-15],[1149,1518,-118,54],[1031,1572,-18,33],[1013,1605,0,1],[659,1481,46,-31],[705,1450,-8,-29],[802,1332,41,48],[843,1380,1,12],[844,1392,35,9],[879,1401,14,-1],[922,1372,44,-25],[966,1347,11,33],[977,1380,-6,18],[971,1398,15,43],[982,1510,32,9],[1014,1519,7,27],[1021,1546,-18,54],[1003,1600,5,8],[1008,1608,-48,35],[960,1643,-1,13],[959,1656,-9,-2],[950,1654,-6,10],[944,1664,-27,-4],[917,1660,-62,36],[855,1696,-56,5],[755,1721,-9,15],[746,1736,0,0],[1545,744,-20,9],[1525,753,-23,-37],[1502,716,-94,-56],[1408,660,1,-27],[1409,633,27,-12],[1436,621,10,-36],[1446,585,23,-27],[1469,558,-10,-23],[1459,535,-21,-1],[1438,534,6,-52],[1444,482,-29,-8],[1415,474,-44,-92],[1371,382,-63,-6],[1308,376,-14,-18],[1294,358,5,-12],[1299,346,532,-1],[1831,345,1,130],[1832,475,-82,16],[1750,491,-112,49],[1638,540,-51,84],[1587,624,12,39],[1599,663,-6,6],[1593,669,18,11],[1611,680,-34,18],[1577,698,3,35],[1580,733,-7,11],[1573,744,-27,0],[1546,744,-1,0],[2712,3775,-105,76],[2607,3851,-95,-56],[2512,3795,-137,-34],[2375,3761,-230,-16],[2145,3745,-164,-104],[1981,3641,15,-26],[1996,3615,-13,-52],[1983,3563,13,-7],[1996,3556,10,-32],[2006,3524,29,-12],[2035,3512,17,-54],[2052,3458,17,-15],[2092,3443,28,-22],[2130,3398,54,-26],[2184,3372,18,-16],[2202,3356,9,-26],[2211,3330,84,-8],[2295,3322,53,12],[2348,3334,1,9],[2349,3343,16,3],[2365,3346,8,75],[2373,3421,-18,17],[2383,3467,2,32],[2385,3499,26,-15],[2411,3484,85,10],[2496,3494,18,18],[2514,3512,8,-3],[2834,3731,0,28],[2834,3759,-117,13],[2717,3772,-5,3],[2476,2961,-22,1],[2454,2962,-11,-8],[2443,2954,4,-13],[2447,2941,-23,-24],[2424,2917,9,-18],[2433,2899,-5,-21],[2428,2878,6,-23],[2434,2855,20,13],[2454,2868,8,-18],[2526,2773,-2,-21],[2524,2752,-7,-17],[2473,2711,-30,18],[2443,2729,6,-17],[2449,2712,-6,-39],[2443,2673,8,-21],[2529,2591,-39,-35],[2506,2547,24,5],[2530,2552,9,-14],[2568,2544,48,-40],[2616,2504,34,38],[2650,2542,23,2],[2673,2544,14,12],[2687,2556,1,34],[2628,2731,-36,-13],[2592,2718,-8,26],[2571,2753,1,26],[2572,2779,33,35],[2605,2814,-10,37],[2595,2851,-8,2],[2587,2853,8,6],[2595,2859,-5,18],[2590,2877,-14,-1],[2576,2876,8,16],[2584,2892,-33,-2],[2551,2890,1,9],[2552,2899,-13,4],[2539,2903,16,17],[2555,2920,-4,9],[2551,2929,-17,-9],[2534,2920,5,14],[2539,2934,-18,-12],[2521,2922,-22,5],[2499,2927,5,12],[2504,2939,-31,4],[2473,2943,3,18],[2476,2961,0,0],[2867,1801,-29,33],[2838,1834,-21,-16],[2817,1818,8,-23],[2825,1795,-14,-17],[2811,1778,4,-47],[2815,1731,-16,-50],[2752,1585,1,-26],[2753,1559,23,-21],[2776,1538,34,-15],[2822,1534,19,-19],[2841,1515,26,-8],[2867,1507,2,-13],[2869,1494,20,-5],[2889,1489,-5,-19],[2884,1470,9,-7],[2893,1463,12,4],[2905,1467,-7,56],[2898,1523,14,56],[2859,1680,31,44],[2890,1724,11,53],[2901,1777,-26,1],[2877,1798,-10,3],[2867,1801,0,0],[2339,1838,-17,30],[2322,1868,-24,11],[2298,1879,-33,-39],[2265,1840,1,-29],[2266,1811,-15,-12],[2251,1799,6,-35],[2257,1764,13,7],[2270,1771,1,-10],[2271,1761,-32,-12],[2239,1749,-30,13],[2209,1762,-96,115],[2113,1877,-7,-5],[2106,1872,-14,-69],[2092,1803,11,-52],[2103,1751,25,-25],[2128,1726,4,-22],[2132,1704,47,-72],[2179,1632,7,-38],[2186,1594,16,-9],[2202,1585,7,-22],[2209,1563,-23,-7],[2186,1556,-7,-19],[2179,1537,-25,-5],[2154,1532,-11,8],[2143,1540,-52,-27],[2091,1513,-18,-41],[2073,1472,10,-14],[2083,1458,46,15],[2129,1473,68,-10],[2197,1463,30,8],[2227,1471,9,-17],[2236,1454,33,27],[2269,1481,22,-15],[2291,1466,55,-5],[2346,1461,37,33],[2383,1494,15,30],[2398,1524,8,57],[2406,1581,-1,68],[2405,1649,26,27],[2431,1676,-14,101],[2417,1777,9,56],[2426,1833,-56,-5],[2370,1828,-31,10],[2339,1838,0,0],[1583,849,-55,1],[1528,850,-6,-21],[1522,829,-14,-5],[1508,824,-18,9],[1490,833,-8,-14],[1482,819,-9,-1],[1473,818,0,20],[1473,838,-76,-3],[1397,835,-30,-21],[1367,814,-23,17],[1344,831,-50,15],[1294,846,-19,-16],[1275,830,-23,3],[1252,833,-40,-43],[1212,790,-8,-24],[1204,766,19,-2],[1223,764,19,-29],[1242,735,19,-1],[1261,734,18,-19],[1279,715,35,-7],[1314,708,35,-24],[1349,684,21,-34],[1370,650,39,-17],[1409,633,2,30],[1411,663,14,1],[1425,664,46,40],[1471,704,36,16],[1507,720,20,33],[1527,753,-9,45],[1518,798,41,-14],[1559,784,22,11],[1581,795,24,-2],[1605,793,7,21],[1612,814,-11,16],[1601,830,15,3],[1616,833,-2,11],[1614,844,-31,4],[1583,848,0,1],[1200,1040,-54,-10],[1146,1030,8,-33],[1154,997,-25,-109],[1129,888,42,-115],[1171,773,21,-27],[1192,746,2,-35],[1194,711,19,-2],[1213,709,29,26],[1223,764,-18,-1],[1205,763,7,26],[1212,789,40,44],[1252,833,22,-3],[1274,830,19,13],[1293,843,34,87],[1327,930,0,27],[1327,957,-5,26],[1322,983,-89,29],[1233,1012,0,14],[1233,1026,-34,11],[1199,1037,1,3],[1360,3350,-10,-24],[1341,3327,-3,-41],[1338,3286,-38,-21],[1300,3265,-34,18],[1135,3090,-27,6],[1108,3096,-26,-27],[1059,2989,6,-67],[1065,2922,62,-32],[1127,2890,45,-7],[1172,2883,63,32],[1235,2915,21,38],[1256,2953,42,27],[1298,2980,-6,19],[1292,2999,34,24],[1326,3023,0,16],[1326,3039,43,12],[1369,3051,-20,45],[1349,3096,28,77],[1377,3173,15,5],[1392,3178,-12,22],[1437,3260,47,60],[1484,3320,-46,28],[1438,3348,-62,-8],[1376,3340,-15,10],[1361,3350,-1,0],[3592,1784,-24,-27],[3568,1757,-51,-21],[3517,1736,-16,-60],[3501,1676,-25,-23],[3476,1653,79,-48],[3555,1605,14,45],[3569,1650,16,16],[3585,1666,0,34],[3585,1700,-16,16],[3569,1716,1,31],[3570,1747,32,3],[3602,1750,7,15],[3609,1765,-1,13],[3608,1778,-16,5],[3592,1783,0,1],[1023,3469,-8,8],[1015,3477,-11,-8],[1004,3469,-24,-58],[980,3411,-23,-10],[957,3401,1,-19],[958,3382,-30,-74],[928,3308,15,-11],[943,3297,38,12],[989,3301,37,-2],[1026,3299,21,35],[1047,3334,29,13],[1076,3347,-2,20],[1117,3404,15,6],[1132,3410,-23,41],[1109,3451,-42,5],[1064,3444,-7,7],[1057,3451,-9,-5],[1048,3446,-25,23],[1023,3469,0,0],[1834,902,-2,50],[1832,952,-12,-3],[1820,949,-48,-40],[1772,909,-26,-6],[1672,895,-6,-30],[1666,865,-30,-1],[1636,864,-16,15],[1620,879,-9,-19],[1611,860,5,-27],[1612,814,-12,-24],[1600,790,-19,5],[1527,753,46,-9],[1832,475,0,311],[1872,865,-37,36],[1835,901,-1,1],[1643,2708,-39,-5],[1604,2703,-2,-9],[1602,2694,-39,-13],[1563,2681,-53,19],[1510,2700,-27,-8],[1483,2692,1,-189],[1512,2378,9,-55],[1521,2323,-24,-2],[1433,2279,-50,-17],[1383,2262,1,13],[1384,2275,-13,3],[1371,2278,-17,-59],[1354,2219,15,-10],[1369,2209,53,9],[1422,2218,22,-14],[1444,2204,1,-14],[1445,2190,-8,0],[1437,2190,4,-39],[1494,2101,27,-7],[1521,2094,-11,-24],[1517,2035,20,-11],[1634,2010,42,23],[1676,2033,32,6],[1708,2039,57,61],[1765,2100,48,13],[1813,2113,-3,27],[1810,2140,12,2],[1822,2142,10,26],[1832,2168,6,-6],[1838,2162,28,6],[1866,2168,8,21],[1874,2189,25,13],[1899,2202,-4,31],[1895,2233,-76,-15],[1819,2218,-13,20],[1806,2238,-47,17],[1759,2255,12,46],[1771,2301,-8,40],[1763,2341,-18,16],[1656,2484,-9,10],[1647,2494,-9,25],[1638,2519,4,137],[1642,2656,1,52],[2861,1497,-9,-17],[2852,1480,14,0],[2818,1400,-14,7],[2804,1407,-5,-6],[2799,1401,7,-92],[2980,1043,-2,-697],[2978,346,104,0],[3082,346,1,667],[3083,1013,23,7],[3106,1020,11,27],[3117,1047,-8,19],[3109,1066,-26,1],[3083,1067,-1,180],[3082,1247,33,39],[3115,1286,6,64],[3121,1350,-11,7],[3110,1357,-21,-4],[3089,1353,-32,39],[3057,1392,-8,2],[3049,1394,3,-15],[3052,1379,-35,4],[3017,1383,4,10],[3021,1393,-26,19],[2995,1412,12,28],[3007,1440,-23,18],[2908,1457,-2,10],[2906,1467,-22,3],[2889,1489,-25,0],[2864,1489,-3,8],[2861,1497,0,0],[3439,1900,-8,4],[3431,1904,12,-23],[3445,1845,-26,-30],[3419,1815,-18,-7],[3435,1734,-13,-26],[3422,1708,53,-31],[3475,1677,3,-21],[3478,1656,23,20],[3517,1736,25,17],[3542,1753,13,-4],[3555,1749,-9,34],[3546,1783,28,30],[3574,1813,4,17],[3578,1830,17,7],[3595,1837,-11,15],[3584,1852,-32,0],[3552,1852,-40,14],[3512,1866,-2,28],[3510,1894,-16,1],[3494,1895,-8,-8],[3486,1887,-47,13],[3439,1900,0,0],[786,904,-4,9],[782,913,-14,-24],[705,875,7,-4],[712,871,-13,-22],[699,849,5,-52],[704,797,-17,-30],[687,767,-20,-10],[667,757,16,-28],[683,729,-30,-118],[653,611,45,19],[698,630,19,-2],[717,628,15,-16],[732,612,-13,-23],[719,589,5,-10],[724,579,60,-58],[784,521,22,-8],[806,513,7,80],[813,593,-8,16],[805,609,15,-7],[820,602,33,22],[865,612,16,15],[881,627,35,2],[916,629,-7,25],[794,894,-8,10],[786,904,0,0],[312,747,-8,-33],[304,714,-13,-12],[273,708,-7,-17],[266,691,10,-15],[276,676,-15,-5],[261,671,5,-14],[266,657,-31,-33],[235,624,28,-26],[263,598,28,-8],[291,590,35,-62],[326,528,13,2],[339,530,24,-26],[363,504,8,-2],[371,502,11,20],[382,522,33,-6],[415,516,13,21],[428,537,22,0],[450,537,-37,29],[413,566,-4,30],[409,596,17,-2],[345,702,8,22],[353,724,-41,23],[312,747,0,0],[1945,1555,-10,5],[1823,1535,-64,-28],[1759,1507,-18,-21],[1775,1302,-59,4],[1716,1306,-33,-41],[1683,1265,31,-4],[1714,1261,0,-21],[1889,1258,0,13],[1889,1271,10,4],[1899,1275,29,-11],[1928,1264,19,-23],[1947,1241,24,3],[1998,1264,36,25],[2034,1289,-9,13],[2025,1302,-2,51],[2023,1353,-29,21],[1994,1374,-18,32],[1976,1406,5,37],[1981,1443,27,42],[2008,1485,-35,35],[1973,1520,-12,31],[1961,1551,-16,4],[1945,1555,0,0],[3772,3276,-10,14],[3640,3279,-37,-73],[3603,3206,-48,-54],[3555,3152,48,-64],[3603,3088,11,-68],[3614,3020,85,-115],[3699,2905,22,-7],[3721,2898,34,-46],[3755,2852,18,-25],[3773,2827,4,-31],[3777,2796,9,14],[3786,2810,33,-4],[3819,2806,14,-77],[3833,2729,44,-75],[3877,2654,54,-37],[3931,2617,11,-33],[3942,2584,20,15],[3979,2652,30,38],[4009,2690,36,8],[4045,2698,-13,100],[4032,2798,29,32],[4061,2830,-17,33],[4044,2863,-15,1],[4029,2864,-14,55],[4015,2919,-20,-16],[3995,2903,-52,61],[3943,2964,-18,30],[3925,2994,7,36],[3932,3030,-7,28],[3925,3058,-29,48],[3896,3106,-26,17],[3870,3123,-7,-11],[3863,3112,-30,3],[3833,3115,-10,29],[3823,3144,-31,12],[3792,3156,-18,109],[3774,3265,-2,11],[1750,3752,-20,24],[1730,3776,-45,26],[1685,3802,-7,-2],[1678,3800,4,-15],[1682,3785,-48,-37],[1634,3748,-6,4],[1628,3752,-21,-30],[1607,3722,-64,13],[1543,3735,-15,-20],[1528,3715,-33,-15],[1495,3700,-29,-26],[1466,3674,15,-24],[1481,3650,4,-36],[1485,3614,23,0],[1508,3614,3,-12],[1511,3602,128,5],[1639,3607,18,-30],[1657,3577,37,29],[1715,3603,24,-21],[1739,3582,28,-5],[1767,3577,19,7],[1786,3584,19,33],[1805,3617,27,15],[1832,3632,-32,1],[1800,3633,2,47],[1802,3680,-48,68],[1754,3748,-4,4],[2150,1273,0,28],[2150,1301,-14,14],[2136,1315,-113,38],[2023,1353,3,-53],[2026,1300,36,-37],[2062,1263,-18,-24],[1988,1183,-15,-51],[1973,1132,-16,-5],[1957,1127,-14,37],[1943,1164,-23,-8],[1920,1156,-20,9],[1900,1165,-9,-10],[1891,1155,-19,-1],[1872,1154,-12,-25],[1734,1066,13,-16],[1832,952,188,0],[2020,952,-1,72],[2019,1024,-27,43],[1992,1067,1,17],[1993,1084,35,28],[2028,1112,14,28],[2042,1140,46,30],[2088,1170,16,30],[2104,1200,9,-1],[2113,1199,21,25],[2134,1224,7,-3],[2141,1221,9,52],[2150,1273,0,0],[1422,1682,-15,-10],[1407,1672,6,-18],[1366,1569,-71,23],[1283,1551,-43,-36],[1240,1515,30,-20],[1158,1274,-64,-49],[1094,1225,3,-24],[1097,1201,42,7],[1139,1208,36,21],[1175,1229,28,0],[1203,1229,19,-25],[1222,1204,52,-26],[1274,1178,37,34],[1311,1212,6,32],[1317,1244,17,20],[1334,1264,124,27],[1458,1291,65,48],[1523,1339,25,36],[1548,1375,3,20],[1551,1395,-15,53],[1509,1483,4,23],[1513,1506,-11,12],[1502,1518,12,6],[1534,1563,-18,17],[1516,1580,4,16],[1520,1596,37,11],[1510,1675,-87,7],[1423,1682,-1,0],[2429,1675,-24,-28],[2405,1647,-7,-124],[2398,1523,-25,-42],[2373,1481,-27,-20],[2346,1461,-14,-31],[2332,1430,10,-29],[2342,1401,-11,-10],[2331,1391,-1,-21],[2330,1370,17,-43],[2347,1327,3,-57],[2350,1270,-35,-37],[2315,1233,-16,-53],[2299,1180,0,-120],[2299,1060,-90,-107],[2209,953,283,2],[2492,955,0,92],[2468,1138,23,3],[2491,1141,-4,11],[2492,1283,-9,45],[2483,1328,21,-1],[2504,1327,13,10],[2517,1337,0,12],[2517,1349,49,6],[2573,1460,-5,22],[2477,1597,-47,78],[2430,1675,-1,0],[3800,2811,-14,-1],[3786,2810,-84,-249],[3702,2561,-64,-73],[3638,2488,-65,-47],[3573,2441,-65,-31],[3508,2410,5,-175],[3513,2235,24,0],[3537,2235,40,21],[3577,2256,48,84],[3625,2340,32,10],[3657,2350,9,49],[3666,2399,56,21],[3722,2420,14,14],[3736,2434,18,-1],[3754,2433,34,24],[3788,2457,30,39],[3818,2496,3,-27],[3821,2469,17,33],[3838,2502,18,-6],[3856,2496,6,5],[3862,2501,22,-12],[3884,2489,9,37],[3893,2526,-19,68],[3874,2594,-10,8],[3864,2602,45,-18],[3909,2584,29,12],[3938,2596,-14,29],[3924,2625,-48,30],[3876,2655,-51,90],[3825,2745,-6,61],[3819,2806,-19,4],[3800,2810,0,1],[3892,2587,-28,15],[3513,2235,0,-54],[3536,2181,13,-11],[3549,2170,38,4],[3587,2174,15,12],[3602,2186,54,-11],[3656,2175,13,13],[3669,2188,38,11],[3707,2199,7,11],[3714,2210,37,-2],[3751,2208,18,-13],[3769,2195,18,3],[3787,2198,24,-12],[3811,2186,5,6],[3999,2498,-25,52],[3974,2550,-33,27],[3941,2577,-3,24],[3938,2601,-22,-16],[3916,2585,-23,2],[3893,2587,-1,0],[1814,2113,-49,-13],[1765,2100,-67,-68],[1698,2032,66,-106],[1766,1890,-3,-33],[1763,1857,70,-63],[1833,1794,10,-67],[1843,1727,35,-17],[1878,1710,63,-11],[1941,1699,48,-58],[1989,1641,-15,-81],[1974,1560,-17,-16],[1957,1544,39,-39],[1996,1505,10,-28],[2006,1477,21,-7],[2027,1470,19,-24],[2046,1446,16,-1],[2062,1445,21,13],[2186,1556,23,6],[2209,1562,-7,23],[2103,1751,-11,54],[2092,1805,10,58],[2102,1863,11,14],[2113,1877,-18,61],[2095,1938,-31,26],[2064,1964,-17,1],[2047,1965,-45,27],[2002,1992,-13,24],[1989,2016,-69,54],[1920,2070,-105,43],[1815,2113,-1,0],[1998,2260,-61,-1],[1937,2259,-42,-22],[1895,2237,4,-35],[1810,2140,0,-22],[1810,2118,110,-48],[2002,1992,90,-47],[2092,1945,28,-84],[2120,1861,89,-99],[2209,1762,28,-12],[2237,1750,34,10],[2271,1760,-1,11],[2265,1840,36,41],[2301,1881,21,-13],[2322,1868,13,-27],[2335,1841,23,-12],[2358,1829,68,4],[2426,1833,9,57],[2435,1890,-6,71],[2429,1961,-29,74],[2400,2035,-43,19],[2357,2102,-54,-9],[2077,2223,-21,25],[2056,2248,-58,12],[1998,2260,0,0],[3267,1406,-9,7],[3109,1280,-27,-33],[3082,346,205,2],[3287,348,0,327],[3287,675,44,293],[3331,968,-58,165],[3273,1133,47,65],[3274,1382,-7,24],[3267,1406,0,0],[3610,1762,-8,-12],[3585,1700,0,-35],[3585,1665,-16,-15],[3569,1650,-14,-42],[3555,1608,16,-11],[3571,1597,10,13],[3581,1610,32,7],[3613,1617,18,19],[3631,1636,21,5],[3652,1641,-5,13],[3647,1654,30,25],[3677,1679,3,26],[3680,1705,21,26],[3639,1760,-29,2],[3610,1762,0,0],[3184,1637,-2,85],[3182,1722,-54,41],[3128,1763,-20,47],[3108,1810,-42,32],[3066,1842,-50,-79],[3016,1763,-7,-42],[3009,1721,-15,-18],[2994,1703,2,-39],[2996,1664,15,-28],[3011,1636,50,-11],[3061,1625,10,-13],[3071,1612,-2,-26],[3069,1586,26,-3],[3095,1583,36,-19],[3131,1564,26,14],[3183,1552,51,10],[3234,1562,-12,4],[3222,1566,-8,23],[3214,1589,-13,1],[3201,1590,-17,44],[3184,1634,0,3],[3553,3146,-16,-129],[3537,3017,-103,22],[3434,3039,-41,-12],[3393,3027,-30,-21],[3363,3006,-33,-31],[3226,2742,274,-161],[3500,2581,8,-171],[3638,2488,45,48],[3683,2536,38,72],[3721,2608,60,188],[3781,2796,-8,31],[3773,2827,-24,33],[3749,2860,-28,38],[3603,3088,-50,57],[3553,3145,0,1],[1296,2978,-40,-25],[1256,2953,-13,-28],[1243,2925,-25,-22],[1218,2903,-46,-20],[1127,2890,-39,19],[1088,2909,-16,-17],[1072,2892,-2,-24],[1070,2868,24,2],[1094,2870,15,-17],[1109,2853,25,-2],[1134,2851,-18,-13],[1116,2838,-27,-66],[1089,2772,44,-30],[1133,2742,9,-26],[1142,2716,-12,-4],[1130,2712,46,-29],[1176,2683,8,14],[1184,2697,17,-4],[1201,2693,30,12],[1231,2705,0,-53],[1231,2652,42,-21],[1273,2631,6,23],[1279,2654,-8,20],[1271,2674,23,21],[1294,2695,-5,18],[1289,2713,10,31],[1299,2744,-4,74],[1295,2818,-29,-2],[1266,2816,44,36],[1310,2852,-8,32],[1302,2884,-11,-1],[1291,2883,-4,14],[1287,2897,12,21],[1299,2918,-3,60],[1296,2978,0,0],[3250,2256,-39,11],[3211,2267,-23,-13],[3188,2254,-42,5],[3146,2259,-23,-41],[3123,2218,9,-15],[3132,2203,-13,-17],[3119,2186,-27,-111],[3092,2075,-25,-6],[3067,2069,-10,-12],[3057,2057,-28,-2],[3029,2055,-23,-25],[3006,2030,10,-28],[3016,2002,77,2],[3093,2004,19,19],[3112,2023,42,16],[3154,2039,38,-3],[3192,2036,-10,29],[3182,2065,47,69],[3264,2207,0,35],[3264,2242,-11,12],[3253,2254,-3,2],[738,1953,0,15],[738,1968,-23,-1],[715,1967,-47,-44],[668,1923,-51,-10],[617,1913,-22,11],[595,1924,-19,-37],[576,1887,-17,1],[559,1888,-15,15],[544,1903,-18,-8],[526,1895,-26,-26],[500,1869,4,-20],[504,1849,-14,-45],[490,1804,5,-32],[495,1772,-21,-10],[474,1762,0,-9],[474,1753,-7,4],[467,1757,-2,-15],[465,1742,-11,-2],[454,1740,-1,-25],[453,1715,-18,-10],[435,1705,6,-8],[441,1697,22,0],[463,1697,12,-18],[475,1679,3,-18],[478,1661,-14,-25],[454,1608,-7,-21],[685,1721,55,46],[740,1767,-11,18],[738,1805,0,141],[738,1946,0,7],[561,547,-4,-13],[557,534,-26,3],[531,537,-57,-22],[474,515,-9,14],[465,529,-22,8],[443,537,-15,0],[415,516,-34,5],[381,521,-10,-19],[371,502,-9,1],[362,503,1,-74],[363,429,-25,-15],[338,414,13,-2],[351,412,29,-30],[380,382,-4,-37],[376,345,-20,-14],[356,331,1,-24],[357,307,19,-15],[376,292,11,-35],[387,257,21,-24],[408,233,60,3],[468,236,-2,-24],[466,212,10,-7],[476,205,41,28],[517,233,31,0],[548,233,35,18],[583,251,-5,19],[578,270,10,30],[588,300,58,-1],[646,299,14,12],[660,311,23,-7],[704,361,22,28],[726,389,22,6],[753,414,23,11],[776,425,2,19],[778,444,-27,3],[751,447,19,27],[770,474,-56,-6],[714,468,-10,-12],[704,456,-47,9],[657,465,-10,12],[647,477,-22,1],[625,478,-30,19],[595,497,-33,50],[562,547,-1,0],[1644,3093,-30,-2],[1614,3091,-30,-23],[1483,3040,-1,-15],[1482,3025,-33,-17],[1449,3008,-10,-22],[1439,2986,-28,-5],[1411,2981,-21,-30],[1390,2951,1,-20],[1391,2931,34,-32],[1425,2899,13,-41],[1438,2858,39,-18],[1477,2840,-36,-29],[1441,2811,-15,-65],[1426,2746,-64,-36],[1362,2710,-31,-37],[1331,2673,98,-15],[1429,2658,79,42],[1508,2700,58,-19],[1566,2681,36,13],[1604,2703,33,5],[1637,2708,69,52],[1706,2760,12,-7],[1718,2753,52,5],[2015,2668,12,9],[2027,2677,-21,56],[2006,2733,-3,124],[2003,2857,15,10],[2018,2867,37,-10],[2055,2857,-19,18],[2036,2875,-16,64],[2020,2939,-44,-1],[1976,2938,-17,34],[1959,2972,-33,20],[1926,2992,35,21],[1961,3013,8,25],[1969,3038,12,1],[1981,3039,-3,14],[1978,3053,-44,-8],[1698,3065,-29,23],[1669,3088,-24,5],[1645,3093,-1,0],[1486,3614,-4,12],[1482,3626,-63,-94],[1419,3532,-20,-129],[1399,3403,48,-66],[1447,3337,37,-17],[1484,3320,24,49],[1508,3369,-6,23],[1515,3401,19,60],[1534,3461,39,35],[1573,3496,1,34],[1574,3530,36,38],[1610,3568,24,-2],[1634,3566,23,11],[1508,3614,-21,0],[1487,3614,-1,0],[2330,3095,-34,-32],[2080,3029,-22,-5],[2058,3024,-40,20],[2018,3044,-45,-2],[1973,3042,-12,-29],[2036,2875,17,-16],[2053,2859,53,-22],[2106,2837,24,4],[2130,2841,22,-26],[2152,2815,19,78],[2171,2893,23,43],[2194,2936,46,4],[2240,2940,86,-13],[2326,2927,93,3],[2419,2930,5,-13],[2424,2917,9,2],[2433,2919,22,60],[2455,2979,-22,-7],[2433,2972,-57,73],[2376,3045,-21,4],[2355,3049,9,8],[2364,3057,-13,1],[2351,3058,3,11],[2354,3069,-24,25],[2330,3094,0,1],[2912,2949,-16,-27],[2704,2939,-63,-21],[2641,2918,-53,-44],[2588,2874,7,-15],[2587,2853,23,5],[2610,2858,11,-14],[2621,2844,8,12],[2629,2856,11,-2],[2640,2854,-1,-8],[2639,2846,15,0],[2654,2846,-2,-10],[2886,2732,33,25],[2919,2757,56,-11],[2975,2746,28,5],[3003,2751,12,-16],[3015,2735,19,-4],[3094,2750,52,53],[3146,2803,-3,12],[2988,2928,-23,-11],[2920,2919,-8,30],[2912,2949,0,0],[2248,2938,-55,-3],[2193,2935,-22,-42],[2152,2815,-24,27],[2128,2842,-22,-5],[2106,2837,-88,30],[2018,2867,-15,-9],[2003,2858,3,-121],[2006,2737,8,-36],[2014,2701,56,-66],[2072,2596,25,-47],[2198,2573,18,2],[2216,2575,32,34],[2248,2609,11,42],[2259,2651,66,41],[2354,2832,61,3],[2415,2835,22,17],[2437,2852,-13,76],[2424,2928,-98,-1],[2326,2927,-77,11],[2249,2938,-1,0],[2529,3383,-10,6],[2419,3363,-11,0],[2408,3363,-16,-21],[2392,3342,-34,5],[2358,3347,-10,-13],[2295,3322,-78,5],[2217,3327,-12,13],[2205,3340,16,-14],[2221,3326,4,-21],[2225,3305,-39,-3],[2186,3302,168,-232],[2354,3070,-3,-12],[2433,2972,20,8],[2453,2980,2,-20],[2455,2960,24,1],[2479,2961,-3,-20],[2476,2941,28,-2],[2504,2939,-6,-12],[2498,2927,23,-5],[2521,2922,17,12],[2538,2934,-5,-14],[2533,2920,18,9],[2551,2929,4,-8],[2555,2921,-15,-21],[2540,2900,12,-1],[2551,2890,33,3],[2584,2893,-4,-20],[2580,2873,82,52],[2626,3085,-24,17],[2602,3102,11,-6],[2613,3096,17,7],[2630,3103,18,-18],[2648,3085,13,23],[2661,3108,21,-20],[2694,3224,-8,41],[2686,3265,-37,3],[2574,3356,-44,27],[2530,3383,-1,0],[1371,3050,-41,-9],[1330,3041,-4,-18],[1292,2999,7,-81],[1273,2631,35,-25],[1308,2606,28,77],[1336,2683,35,34],[1371,2717,55,29],[1390,2951,28,38],[1418,2989,0,26],[1418,3015,-15,26],[1403,3041,-31,7],[1372,3048,-1,2],[3132,2026,-55,-24],[3077,2002,-60,-1],[3017,2001,-9,21],[3008,2022,-27,-22],[2981,2000,-34,16],[2947,2016,-31,-7],[2916,2009,-7,13],[2909,2022,-25,-4],[2884,2018,7,-27],[2891,1991,38,-8],[2929,1983,49,-58],[2978,1925,54,-29],[3032,1896,26,-43],[3161,1860,16,-17],[3177,1843,21,17],[3198,1860,19,39],[3217,1899,12,-5],[3229,1894,21,76],[3250,1970,-17,3],[3233,1973,-39,35],[3135,2025,-3,1],[1259,734,-26,-3],[1233,731,-21,-23],[1212,708,-18,3],[1194,711,-2,-23],[1192,688,-39,-68],[1153,620,-7,-35],[1146,585,47,-28],[1193,557,32,-32],[1225,525,-3,-52],[1281,346,18,0],[1308,376,63,7],[1371,383,44,91],[1436,621,-66,29],[1279,715,-19,19],[1260,734,-1,0],[147,351,-22,-13],[137,323,9,-23],[146,300,-29,-44],[186,123,17,-7],[203,116,14,-30],[217,86,17,5],[234,91,-3,12],[231,103,23,-4],[254,99,-1,26],[253,125,21,31],[291,175,6,4],[297,179,30,2],[327,181,0,27],[327,208,14,-8],[341,200,5,7],[346,207,-35,49],[311,256,-20,3],[291,259,-9,17],[282,276,-13,-1],[269,275,-1,25],[268,300,-21,15],[247,315,-23,-20],[224,295,-77,56],[147,351,0,0],[463,1009,-22,1],[96,911,-18,-90],[78,821,140,-39],[218,782,8,-38],[226,744,13,-6],[239,738,36,2],[447,822,10,36],[457,858,38,23],[495,881,3,17],[498,898,13,-2],[511,896,28,18],[539,914,-4,29],[535,943,-22,27],[513,970,-30,18],[483,988,3,18],[486,1006,-24,-8],[462,998,1,11],[463,1009,0,0],[282,336,-21,-30],[261,306,8,-31],[291,259,21,-3],[312,256,2,-12],[314,244,20,-13],[334,231,9,-33],[432,181,13,3],[445,184,0,-29],[445,155,22,-12],[467,143,15,4],[482,147,33,41],[515,188,16,7],[531,195,17,38],[517,233,-32,-27],[485,206,-13,0],[472,206,-8,15],[464,221,4,15],[468,236,-61,-2],[407,234,-20,24],[387,258,-12,35],[375,293,-37,15],[338,308,4,14],[342,322,-24,-1],[318,321,-35,15],[283,336,-1,0],[205,784,-127,37],[78,821,56,-97],[134,724,-3,-17],[131,707,-18,-13],[213,407,1,-40],[214,367,47,-63],[261,304,20,32],[281,336,37,-15],[318,321,23,2],[341,323,-3,-15],[338,308,20,-6],[358,302,-2,29],[376,345,4,36],[380,381,-29,31],[351,412,-13,1],[338,413,25,16],[363,429,-1,77],[362,506,-23,24],[266,691,15,42],[281,733,-17,11],[264,744,-37,-1],[227,743,-7,36],[220,779,-15,5],[205,784,0,0],[699,630,-48,-23],[651,607,-46,-51],[605,556,-46,-8],[559,548,36,-51],[751,447,36,-7],[787,440,28,22],[815,462,3,35],[818,497,-7,14],[811,511,-27,10],[717,628,-18,2],[699,630,0,0],[2885,2261,-85,-24],[2800,2237,-132,-54],[2668,2183,-54,-36],[2614,2147,-17,-38],[2597,2109,37,-17],[2634,2092,67,-58],[2773,2018,45,29],[2818,2047,22,0],[2840,2047,29,-5],[2869,2042,15,-24],[2947,2016,27,-15],[2974,2001,24,6],[2998,2007,10,26],[3008,2033,22,23],[3030,2056,27,1],[3057,2057,11,12],[3068,2069,23,5],[3091,2074,29,113],[3120,2187,-47,3],[3073,2190,-38,-12],[3035,2178,-27,21],[3008,2199,-8,23],[3000,2222,-45,8],[2955,2230,-69,31],[2886,2261,-1,0],[653,756,-39,-5],[565,735,-12,16],[443,584,-34,12],[413,566,11,-12],[424,554,41,-25],[557,534,2,14],[559,548,48,9],[607,557,47,52],[654,609,14,41],[668,650,16,81],[684,731,-16,23],[668,754,-15,2],[653,756,0,0],[3525,1986,-42,-55],[3483,1931,2,-29],[3485,1902,-17,-8],[3468,1894,18,-7],[3512,1866,109,-27],[3696,1851,9,-7],[3705,1844,31,18],[3736,1862,1,10],[3737,1872,-75,6],[3568,1984,-34,-27],[3534,1957,-9,29],[3525,1986,0,0],[2984,2510,-39,-6],[2945,2504,-19,-29],[2926,2475,3,-20],[2929,2455,-11,-11],[2918,2444,-1,-22],[2917,2422,10,-28],[2897,2289,-17,-28],[2880,2261,120,-39],[3008,2199,31,-22],[3039,2177,26,12],[3065,2189,56,-1],[3121,2188,11,16],[3132,2204,-9,14],[3146,2259,42,-4],[3188,2255,13,22],[3201,2277,-13,3],[3188,2280,12,8],[3200,2288,-27,67],[3019,2465,-35,45],[2984,2510,0,0],[1203,1229,-29,0],[1174,1229,-37,-21],[1137,1208,-50,-4],[1089,1183,24,-16],[1113,1167,7,-21],[1109,1123,13,-48],[1122,1075,-27,-31],[1134,1045,12,-15],[1200,1040,33,-14],[1322,983,6,-48],[1328,935,-30,-65],[1298,870,-4,-24],[1294,846,7,-7],[1301,839,43,-8],[1473,818,15,3],[1488,821,2,12],[1522,829,5,29],[1527,858,-38,80],[1489,938,5,33],[1494,971,-13,71],[1530,1098,-85,63],[1357,1211,-55,-5],[1302,1206,-28,-28],[1222,1204,-17,24],[1205,1228,-2,1],[3411,1709,-18,0],[3301,1670,-51,-112],[3250,1558,12,-11],[3282,1484,58,-10],[3340,1474,51,13],[3391,1487,58,-9],[3449,1478,32,17],[3481,1495,10,16],[3491,1511,58,10],[3549,1521,1,28],[3550,1549,27,13],[3577,1562,-2,35],[3575,1597,-56,25],[3519,1622,-14,19],[3505,1641,-29,12],[3476,1653,-4,26],[3472,1679,-36,24],[3436,1703,-25,6],[3411,1709,0,0],[2275,1474,-6,7],[2197,1463,-70,10],[2127,1473,-58,-19],[2069,1454,-7,-9],[2006,1477,-25,-34],[1981,1443,-4,-39],[1977,1404,21,-35],[1998,1369,17,-13],[2015,1356,121,-41],[2136,1315,14,-13],[2150,1302,3,-35],[2153,1267,-12,-46],[2020,952,189,1],[2299,1180,11,36],[2257,1350,27,3],[2284,1353,14,-21],[2310,1333,4,-33],[2314,1300,19,-6],[2333,1294,-2,-30],[2331,1264,5,-5],[2336,1259,14,11],[2346,1461,-70,13],[2276,1474,-1,0],[1238,3782,-36,-1],[1202,3781,-49,-35],[1153,3746,-1,-110],[1154,3526,-42,-83],[1112,3443,14,-18],[1126,3425,41,13],[1181,3431,4,29],[1185,3460,22,4],[1207,3464,24,-11],[1231,3453,13,-17],[1244,3436,9,1],[1378,3369,9,-27],[1387,3342,51,6],[1438,3348,-39,55],[1419,3532,64,96],[1483,3628,-5,30],[1478,3658,-22,14],[1456,3672,5,24],[1461,3696,-165,85],[1296,3781,-58,1],[1238,3782,0,0],[1046,3005,-10,-13],[1030,3001,-14,-5],[1016,2996,-6,-20],[970,2979,-53,-22],[917,2957,-7,-31],[910,2926,-21,-12],[889,2914,9,-55],[898,2859,-16,-41],[882,2818,8,-24],[890,2794,20,14],[910,2808,42,-9],[952,2799,11,-30],[963,2769,19,-11],[982,2758,6,-20],[988,2738,18,-6],[1006,2732,28,8],[1034,2740,9,41],[1043,2781,29,3],[1072,2784,17,-12],[1072,2892,21,16],[1093,2908,-28,14],[1065,2922,-1,51],[1064,2973,-18,32],[1046,3005,0,0]],"objects":{"adm2":{"type":"GeometryCollection","geometries":[{"type":"Polygon","arcs":[[0,1,2,3,4,5,6,7,8,9,10,11,12,13,14,15,16,17,18,19,20,21,22,23,24,25,26,27,28,29,30,31,32,33,34,35,36]],"properties":{"pcode":"UG3064","name":"Abim"}},{"type":"Polygon","arcs":[[37,38,39,40,41,42,43,44,45,46,47,48,49,50,51,52,53,54,55,56,57,58,59,60,61,62,63,64,65,66,67,68,69,70,71,72,73,74,75,76,77]],"properties":{"pcode":"UG3065","name":"Adjumani"}},{"type":"Polygon","arcs":[[78,79,80,81,82,83,84,85,86,87,88,89,90,91,92,93,94,95,96,97,98,99,100,101,102,103,104,105,106,107,108,109,110,111,112,113,114,115,116,-4,-3,117,118,119,120,121]],"properties":{"pcode":"UG3066","name":"Agago"}},{"type":"Polygon","arcs":[[122,123,124,125,126,127,128,129,130,131,132,133,134,135,136,137,138,139,140,141,142,143,144,145,146,147,148,149,150,151,152,153,154,155,156,157,158,159,160,161,162,163,164,165,166,167,168,169,170,171,172,173,174,175,176,177,178,179,180,181,182,183,184]],"properties":{"pcode":"UG3067","name":"Alebtong"}},{"type":"Polygon","arcs":[[185,186,187,188,189,190,191,192,193,194,195,196,197,198,199,200,201,202,203,204,205,206,207]],"properties":{"pcode":"UG3068","name":"Amolatar"}},{"type":"Polygon","arcs":[[208,209,210,211,212,213,214,215,216,217,218,219,220,221,222,223,224,225,226,227,228,229,230,231,232,233,234,235,236,237,238,239,240,241,242,243,244,245,246,247,248,249,250,251,252,253,254,255,256]],"properties":{"pcode":"UG3069","name":"Amudat"}},{"type":"Polygon","arcs":[[257,258,259,-147,-146,-145,-144,260,261,262,263,264,265,266,267,268,269,270,271,272,273,274,275,276,277,278,279,280,281,282,283,284,285,286,287,288,289,290,291,292,293,294,295,296,297,298,299,300,301,302,303]],"properties":{"pcode":"UG2027","name":"Amuria"}},{"type":"Polygon","arcs":[[304,-75,-74,-73,-72,-71,-70,-69,-68,-67,-66,-65,-64,-63,-62,-61,-60,-59,305,306,307,308,309,310,311,312,313,314,315,316,317,318,319,320,321,322,323,324,325,326,327,328,329,330,331,332,333,334,335,336,337,338,339,340,341,342,343,344,345,346,347,348,349,350,351,352,353,354,355,356,357,358,359,360,361,362,363,364]],"properties":{"pcode":"UG3070","name":"Amuru"}},{"type":"Polygon","arcs":[[365,366,367,368,369,370,371,372,373,374,375,376,377,378,379,380,381,382,383,-190,384,385,386,387,388,389,390,391,392,393,394,395,396,397,398,399,400]],"properties":{"pcode":"UG3071","name":"Apac"}},{"type":"Polygon","arcs":[[401,402,403,404,405,406,407,408,409,410,411,412,413,414,415,416,417,418,419,420,421,422,423,424,425,426,427,428,429,430,431,432,433,434,435,436,437,438,439,440,441,442,443,444,445,446,447,448,449,450,451,452,453,454,455,456,457,458,459,460,461,462,463,464,465,466,467,468,469,470,471]],"properties":{"pcode":"UG3072","name":"Arua"}},{"type":"Polygon","arcs":[[472,473,474,475,476,477,478,479,480,481,482,483,484,485,486,487,488,489,490,491]],"properties":{"pcode":"UG2028","name":"Budaka"}},{"type":"Polygon","arcs":[[492,493,494,495,496,497,498,499,500,501,502,503,504,505,506,507]],"properties":{"pcode":"UG2029","name":"Bududa"}},{"type":"Polygon","arcs":[[508,509,510,511,512,513,514,515,516,517,518,519,520,521,522,523,524,525,526,527,528,529,530,531,532,533,534,535,536,537,538]],"properties":{"pcode":"UG2030","name":"Bugiri"}},{"type":"Polygon","arcs":[[539,540,541,542,543,544,545,546,547,548,-513,549,550,-510,551,552,553,554]],"properties":{"pcode":"UG2031","name":"Bugweri"}},{"type":"Polygon","arcs":[[555,556,557,558,559,560,561,562,563,564,565,566,567,568,569,570,571,572,573,574,575,576,577,578,579]],"properties":{"pcode":"UG4101","name":"Buhweju"}},{"type":"Polygon","arcs":[[580,581,582,583,584,585,586,587,588,589,590,591,592,593,594,595,596,597,598,599,600,601,602]],"properties":{"pcode":"UG1001","name":"Buikwe"}},{"type":"Polygon","arcs":[[603,604,605,606,607,608,609,610,611,612,613,614,615,616,617,618,619,620,621,622]],"properties":{"pcode":"UG2032","name":"Bukedea"}},{"type":"Polygon","arcs":[[623,624,625,626,627,628,629,630,631,632,633,634,635,636,637,638]],"properties":{"pcode":"UG1002","name":"Bukomansimbi"}},{"type":"Polygon","arcs":[[639,640,641,642,643,644,645,646,647,648,649,650,651,652,653,654,655,656]],"properties":{"pcode":"UG2033","name":"Bukwo"}},{"type":"Polygon","arcs":[[657,658,659,660,661,-621,662,663,664,665,666,667,668,669,670,671,672,673,674,675,676,677,678,679,680,681,682,683,684,685,686,687]],"properties":{"pcode":"UG2034","name":"Bulambuli"}},{"type":"Polygon","arcs":[[688,689,690,691,692,693,694,695,696,697,698,699,700,701,702,703,704,705,706,707,708,709,710,711,712,713,714,715]],"properties":{"pcode":"UG4102","name":"Buliisa"}},{"type":"Polygon","arcs":[[716,717,718,719,720,721,722,723,724,725,726,727,728,729,730,731,732,733,734,735,736,737,738,739,740,741,742,743,744]],"properties":{"pcode":"UG4103","name":"Bundibugyo"}},{"type":"Polygon","arcs":[[745,-738,-737,-736,-735,746,747,748,749,750,751,752,753,754,755,756,757,758,759,760,761,762,763,764,765]],"properties":{"pcode":"UG4104","name":"Bunyangabu"}},{"type":"Polygon","arcs":[[766,767,768,769,770,771,772,773,774,775,776,777,778,779,780,781,782,783,784,785,786,787,788,789,790,791,-562,-561,792,793]],"properties":{"pcode":"UG4105","name":"Bushenyi"}},{"type":"Polygon","arcs":[[794,795,796,797,798,-529,-528,799,800,801,802,803,804,805,806,807,808,809,810,811,812,813,814,815,816,817]],"properties":{"pcode":"UG2035","name":"Busia"}},{"type":"Polygon","arcs":[[818,-483,819,820,821,822,823,824,825,826,827,828,829,830,831,832,833,834,835,836,837,838,839,840,841]],"properties":{"pcode":"UG2036","name":"Butaleja"}},{"type":"Polygon","arcs":[[842,843,844,845,846,847,848,849,850,851,852,853,854,855,856,857,858,859,860,861,862,863,864,865,866,867,868,869,870,871,872,873,874,875,876]],"properties":{"pcode":"UG1003","name":"Butambala"}},{"type":"Polygon","arcs":[[877,878,879,880,881,882,883,884,885,-490,-489,-488,886,887,888,889,890,891,-613,-612,-611,892,893]],"properties":{"pcode":"UG2037","name":"Butebo"}},{"type":"Polygon","arcs":[[894,-596,-595,895,896,897,898,899,900,901,902,903,904,905,906,907,908,909,910,911,912,913,914,915,916]],"properties":{"pcode":"UG1004","name":"Buvuma"}},{"type":"Polygon","arcs":[[917,918,919,920,921,922,923,924,925,926,927,928,929,930,931,932,933,934,935,936,937,938,939,940,941,942,943,944,945]],"properties":{"pcode":"UG2038","name":"Buyende"}},{"type":"Polygon","arcs":[[946,947,948,949,950,951,952,953,954,955,956,957,958,959,960,961,962,963,964,965,966,967,968,969,970,971,972,973,974,975,976]],"properties":{"pcode":"UG3073","name":"Dokolo"}},{"type":"Polygon","arcs":[[977,978,979,980,981,982,983,984,985,986,987,988,989,990,991,-859,-858,-857,-856,-855,-854,-853,-852,-851,-850,992,993,994,995,996,997,998,999,1000,1001,1002,1003,1004,1005,1006,1007,1008,1009,1010,1011,1012,1013]],"properties":{"pcode":"UG1005","name":"Gomba"}},{"type":"Polygon","arcs":[[1014,-353,-352,-351,-350,-349,-348,-347,-346,-345,-344,1015,1016,1017,1018,1019,1020,1021,1022,1023,1024,1025,1026,1027,1028,1029,1030,1031,1032,1033,1034,1035,1036,1037,1038,1039]],"properties":{"pcode":"UG3074","name":"Gulu"}},{"type":"Polygon","arcs":[[1040,1041,1042,1043,1044,1045,1046,1047,1048,1049,1050,1051,1052,1053,1054,1055,1056,1057,1058,1059,1060,1061,1062,1063,1064,1065,1066,1067,1068,1069,1070,1071,1072,1073,1074,1075,1076,1077,1078,1079,1080,1081]],"properties":{"pcode":"UG4106","name":"Hoima"}},{"type":"Polygon","arcs":[[1082,1083,1084,1085,1086,1087,1088,1089,1090,1091,1092,1093,1094,1095,1096,1097,1098,1099,1100,1101,1102,1103,1104,1105,1106,1107,1108,1109,1110,1111,1112,1113,1114,1115,1116,1117,1118,1119]],"properties":{"pcode":"UG4107","name":"Ibanda"}},{"type":"Polygon","arcs":[[1120,1121,1122,1123,1124,1125,1126,1127,1128,1129,1130,1131,1132,1133,1134,1135,1136,1137,1138,1139,1140]],"properties":{"pcode":"UG2039","name":"Iganga"}},{"type":"Polygon","arcs":[[1141,1142,1143,1144,1145,1146,1147,1148,1149,1150,1151,1152,1153,1154,1155,1156,1157,1158,1159,1160,1161,1162,1163,1164,1165,1166,1167,1168,1169,1170,1171,1172,1173,1174,1175,1176,1177,1178,1179,1180,1181,1182,1183]],"properties":{"pcode":"UG4108","name":"Isingiro"}},{"type":"Polygon","arcs":[[1184,1185,1186,1187,1188,1189,1190,1191,1192,1193,1194,1195,1196,1197,1198,1199,1200,1201,1202,1203,1204,1205,1206,1207,1208,1209,1210,1211]],"properties":{"pcode":"UG2040","name":"Jinja"}},{"type":"Polygon","arcs":[[1212,1213,1214,1215,1216,1217,1218,1219,1220,1221,1222,1223,1224,1225,1226,1227,1228,1229,1230,1231,1232,1233,1234,1235,1236,1237,1238,1239,1240,1241,1242,1243,1244,1245,1246,1247,1248,1249,1250,1251,1252,1253,1254,1255,1256,1257,1258,1259,1260,1261,1262,1263,1264,1265,1266,1267,1268,1269,1270,1271,1272,1273,1274,1275,1276,1277,1278,1279,1280,1281,1282,1283]],"properties":{"pcode":"UG3075","name":"Kaabong"}},{"type":"Polygon","arcs":[[1284,1285,1286,1287,1288,1289,1290,1291,1292,1293,1294,1295,1296,1297,1298,1299,1300,1301,1302,1303,1304,1305,1306,1307,1308,1309,1310]],"properties":{"pcode":"UG4109","name":"Kabale"}},{"type":"Polygon","arcs":[[1311,1312,1313,1314,1315,1316,1317,1318,1319,1320,1321,1322,1323,1324,1325,-764,1326,1327,1328,-761,-760,-759,1329,1330,1331,1332,1333,1334,1335,1336,1337,1338,1339,1340,1341,1342,1343,1344,1345,1346,1347,1348,1349,1350,1351,1352,1353,1354,1355,1356,1357,1358]],"properties":{"pcode":"UG4110","name":"Kabarole"}},{"type":"Polygon","arcs":[[1359,1360,-967,1361,1362,1363,-204,-203,-202,-201,1364,1365,1366,1367,1368,1369,1370,1371,1372,1373,1374]],"properties":{"pcode":"UG2041","name":"Kaberamaido"}},{"type":"Polygon","arcs":[[1375,1376,1377,1378,1379,1380,1381,1382,1383,1384,1385,1386,1387,1388,1389,1390,1391,1392,1393,1394,1395,1396,1397,1398,1399,1400,1401,1402,1403,1404,1405,1406]],"properties":{"pcode":"UG4111","name":"Kagadi"}},{"type":"Polygon","arcs":[[1407,1408,1409,1410,1411,1412,1413,1414,1415,1416,1417,1418,1419,1420,1421,1422,1423,1424,1425,1426,1427,1428,1429,1430,1431,1432,1433,1434,1435,1436,1437,1438,1439]],"properties":{"pcode":"UG4112","name":"Kakumiro"}},{"type":"Polygon","arcs":[[1440,1441,-971,-970,1442,1443,1444,1445,1446,1447,-1370,-1369,1448,1449,1450,1451,1452,1453,1454,1455,-262,1456,1457,1458]],"properties":{"pcode":"UG2042","name":"Kalaki"}},{"type":"Polygon","arcs":[[1459,1460,1461,1462,1463,1464,1465,1466,1467,1468]],"properties":{"pcode":"UG1006","name":"Kalangala"}},{"type":"Polygon","arcs":[[1469,1470,-937,-936,-935,1471,1472,1473,1474,1475,1476,1477,1478,-1138,-1137,1479,1480,1481,1482,1483,1484]],"properties":{"pcode":"UG2043","name":"Kaliro"}},{"type":"Polygon","arcs":[[1485,1486,1487,-637,-636,-635,1488,1489,1490,1491,1492,1493,1494,1495,1496,1497,1498,1499,1500,1501,1502,1503,1504,1505,1506,1507]],"properties":{"pcode":"UG1007","name":"Kalungu"}},{"type":"Polygon","arcs":[[1508,1509,1510,1511,1512,1513,1514,1515,1516,1517,1518,1519,1520,1521,1522]],"properties":{"pcode":"UG1008","name":"Kampala"}},{"type":"Polygon","arcs":[[1523,1524,1525,1526,1527,1528,1529,1530,1531,1532,1533,1534,1535,1536,1537,1538,1539,1540,1541,1542,1543,1544,1545,1546,-930,-929,-928,1547,1548,1549,1550,1551,1552]],"properties":{"pcode":"UG2044","name":"Kamuli"}},{"type":"Polygon","arcs":[[1553,1554,-1342,-1341,-1340,-1339,-1338,-1337,-1336,1555,1556,1557,1558,1559,1560,1561,1562,1563,1564,1565,1566,1567,1568,1569,1570,1571,1572,1573,1574,1575,1576,1577,1578,1579,1580,1581,1582,1583,1584,1585,1586,1587,1588,1589,1590]],"properties":{"pcode":"UG4113","name":"Kamwenge"}},{"type":"Polygon","arcs":[[1591,1592,1593,1594,1595,1596,1597,1598,1599,1600,1601,1602,1603,1604,1605,1606,1607,1608,1609,1610,1611,1612,1613,1614,1615,1616,1617,1618,1619,1620,1621,1622,1623,1624,1625,1626,1627,1628,1629,1630,1631,1632,1633,1634,1635,1636,1637,1638,1639,1640,1641]],"properties":{"pcode":"UG4114","name":"Kanungu"}},{"type":"Polygon","arcs":[[1642,1643,1644,-682,-681,1645,1646,1647,-677,1648,1649,1650,1651,1652,1653,1654]],"properties":{"pcode":"UG2045","name":"Kapchorwa"}},{"type":"Polygon","arcs":[[1655,1656,1657,1658,1659,1660,1661,1662,1663,-301,-300,-299,-298,-297,-296,-295,-294,-293,-292,-291,-290,-289,-288,1664,1665,1666,1667,1668,1669,1670,1671,1672,1673,1674,1675,1676,1677,1678]],"properties":{"pcode":"UG2046","name":"Kapelebyong"}},{"type":"Polygon","arcs":[[1679,-1215,1680,1681,1682,1683,1684,1685,1686,1687,1688,1689,-1230,-1229,-1228,-1227,-1226,-1225,-1224,-1223,-1222,-1221,-1220,-1219,1690,1691]],"properties":{"pcode":"UG3076","name":"Karenga"}},{"type":"Polygon","arcs":[[1692,1693,1694,1695,-732,1696,1697,1698,1699,1700,1701,1702,1703,1704,1705,1706,1707,1708,1709,1710,1711,1712,1713,1714,1715,1716,1717,1718,1719,1720,1721,1722,1723,1724,1725,1726,1727,1728,1729,1730,1731,1732,-752,1733,1734]],"properties":{"pcode":"UG4115","name":"Kasese"}},{"type":"Polygon","arcs":[[1735,1736,1737,1738,1739,1740,1741,1742,1743,1744,1745,1746,1747,1748,1749,1750,1751,-1012,-1011,-1010,1752,1753,1754,1755,1756,1757,1758,1759,1760,1761,1762,1763,1764,1765,1766,1767]],"properties":{"pcode":"UG1009","name":"Kassanda"}},{"type":"Polygon","arcs":[[1768,1769,1770,-1676,-1675,-1674,-1673,-1672,-1671,-1670,-1669,-1668,-1667,1771,-285,-284,-283,-282,-281,-280,-279,1772,1773,-276,1774,1775,1776,1777,1778,1779,1780,1781,1782,1783,1784,1785,1786,1787]],"properties":{"pcode":"UG2047","name":"Katakwi"}},{"type":"Polygon","arcs":[[1788,1789,1790,1791,1792,1793,1794,1795,1796,1797,1798,1799,1800,1801,1802,1803,1804,-1192,-1191,1805,-1532,1806,1807,1808,1809,1810,1811,1812,1813]],"properties":{"pcode":"UG1010","name":"Kayunga"}},{"type":"Polygon","arcs":[[1814,1815,1816,1817,1818,1819,1820,1821,-1116,-1115,-1114,-1113,-1112,-1111,-1110,1822,1823,1824,1825,1826,1827,1828,1829,1830,1831,1832,1833,1834,1835,1836,1837,1838,1839,1840,1841,1842,1843,1844,1845,1846,1847,1848]],"properties":{"pcode":"UG4116","name":"Kazo"}},{"type":"Polygon","arcs":[[1849,1850,1851,-1389,1852,1853,1854,1855,1856,1857,1858,1859,1860,1861,1862,1863,1864,1865,1866,1867,1868,-1418,-1417,-1416,1869,1870]],"properties":{"pcode":"UG4117","name":"Kibaale"}},{"type":"Polygon","arcs":[[1871,1872,1873,1874,1875,1876,1877,1878,1879,1880,1881,-1766,-1765,1882,1883,1884,1885,-1761,1886,1887,1888,1889,1890,1891,1892,1893,1894,1895,1896,1897,1898,1899,1900,1901,1902,1903]],"properties":{"pcode":"UG1011","name":"Kiboga"}},{"type":"Polygon","arcs":[[1904,1905,1906,1907,1908,1909,1910,1911,1912,1913,1914,1915,1916,-478,-477,-476,-475,1917,1918]],"properties":{"pcode":"UG2048","name":"Kibuku"}},{"type":"Polygon","arcs":[[-1043,1919,1920,1921,1922,1923,1924,1925,1926,-1403,-1402,-1401,1927,1928,-1398,1929,1930,-1410,1931,1932,1933,1934,1935,1936,-1063,-1062,-1061,-1060,-1059,-1058,-1057,1937,1938,1939,-1054,-1053,-1052,-1051,-1050,-1049,-1048,-1047,-1046,1940,1941,1942,1943]],"properties":{"pcode":"UG4118","name":"Kikuube"}},{"type":"Polygon","arcs":[[1944,1945,-1838,-1837,-1836,-1835,-1834,-1833,-1832,-1831,-1830,1946,1947,1948,1949,1950,1951,1952,1953,1954,1955,1956,1957,1958,1959,1960,1961,1962,1963,1964,1965,-1182,-1181,1966,1967,-1178,1968,1969,1970,1971,1972,1973,1974,1975,1976,1977,1978,1979,1980,1981,1982,1983,1984]],"properties":{"pcode":"UG4119","name":"Kiruhura"}},{"type":"Polygon","arcs":[[1985,1986,1987,1988,1989,1990,1991,1992,1993,1994,1995,1996,1997,1998,1999,2000,2001,2002,-378,-377,-376,2003,2004,-373,-372,2005,2006,2007,2008,2009,2010,2011,2012,2013,2014,2015,2016,2017,2018,2019]],"properties":{"pcode":"UG4120","name":"Kiryandongo"}},{"type":"Polygon","arcs":[[2020,2021,2022,2023,2024,2025,2026,2027,2028,2029,2030,2031,2032,2033,2034,2035,2036,2037,2038,2039,-1610,2040,2041]],"properties":{"pcode":"UG4121","name":"Kisoro"}},{"type":"Polygon","arcs":[[2042,-1727,2043,2044,2045,-1095,-1094,2046,2047,2048,-1090,-1089,-1088,-1087,-1086,2049,2050,2051,2052,-1564,2053,2054,2055]],"properties":{"pcode":"UG4122","name":"Kitagwenda"}},{"type":"Polygon","arcs":[[2056,2057,2058,2059,2060,2061,2062,2063,2064,2065,2066,2067,2068,2069,2070,2071,2072,2073,2074,2075,2076,2077,2078,2079,2080,2081,2082,2083,2084,2085,2086,2087,2088,2089,2090,2091,2092,2093,2094,2095,2096,2097,2098,-84,-83,-82,-81,-80,2099,2100,2101,-120,2102,2103,2104,2105,2106,2107,2108,2109,2110,-1685,-1684,-1683,-1682,2111,2112]],"properties":{"pcode":"UG3077","name":"Kitgum"}},{"type":"Polygon","arcs":[[2113,2114,2115,2116,2117,2118,2119,2120,2121,2122,2123,2124,2125,2126,2127,2128,2129,2130,2131,2132,2133,2134,2135]],"properties":{"pcode":"UG3078","name":"Koboko"}},{"type":"Polygon","arcs":[[2136,2137,2138,2139,2140,2141,2142,2143,2144,2145,2146,2147,2148,2149,2150,2151,2152,2153,2154,2155,2156,2157,2158,2159,2160,2161,2162,2163,2164,2165,2166,2167,2168,2169,2170,2171,2172,2173,2174]],"properties":{"pcode":"UG3079","name":"Kole"}},{"type":"Polygon","arcs":[[2175,2176,2177,2178,2179,2180,2181,2182,-35,-34,-33,-32,-31,-30,-29,-28,-27,-26,-25,-24,2183,2184,2185,2186,2187,2188,2189,2190,2191,2192,2193,2194,2195,2196,2197,2198,-1236,-1235,-1234,-1233,2199,2200]],"properties":{"pcode":"UG3080","name":"Kotido"}},{"type":"Polygon","arcs":[[2201,2202,2203,2204,2205,2206,2207,2208,2209,2210,2211,-609,-608,-607,-606,-605,2212,2213,2214,2215,2216]],"properties":{"pcode":"UG2049","name":"Kumi"}},{"type":"Polygon","arcs":[[2217,2218,2219,2220,2221,2222,-396,2223,2224,2225,-392,-391,-390,-389,-388,-387,-386,2226,-187,2227,2228,2229,2230,2231,-960,-959,2232,2233,-957,-956,2234,2235,-2160,-2159,2236,2237,2238,2239]],"properties":{"pcode":"UG3081","name":"Kwania"}},{"type":"Polygon","arcs":[[2240,2241,2242,2243,2244,-1653,-1652,2245,2246,2247,2248,2249,-646,-645,-644,-643,-642,-641,2250,2251,-242,-241,-240,-239,2252,2253,2254]],"properties":{"pcode":"UG2050","name":"Kween"}},{"type":"Polygon","arcs":[[2255,2256,2257,2258,2259,2260,2261,2262,2263,2264,2265,2266,2267,2268,-1429,-1428,-1427,2269,2270,2271,-1880,-1879,-1878,-1877,-1876,-1875,-1874,2272,2273,2274,2275,2276,2277,2278,2279,2280,2281,2282]],"properties":{"pcode":"UG1012","name":"Kyankwanzi"}},{"type":"Polygon","arcs":[[2283,2284,2285,2286,2287,2288,2289,2290,2291,2292,2293,2294,2295,2296,2297,2298,2299,2300,2301,2302,2303,2304,2305,2306,2307,2308,2309,2310,2311,2312,2313,2314,2315,2316,2317,2318]],"properties":{"pcode":"UG4123","name":"Kyegegwa"}},{"type":"Polygon","arcs":[[-1357,-1356,-1355,-1354,-1353,-1352,-1351,-1350,-1349,-1348,-1347,-1346,-1345,2319,2320,-1588,-1587,-1586,-1585,-1584,-1583,-1582,-1581,2321,2322,2323,2324,-1578,2325,2326,2327,2328,-2291,-2290,-2289,2329,2330,2331,2332,2333,2334,2335,2336,2337,2338,2339,-1382,2340,2341]],"properties":{"pcode":"UG4124","name":"Kyenjojo"}},{"type":"Polygon","arcs":[[2342,2343,2344,2345,2346,2347,2348,2349,2350,2351,2352,2353,2354,2355,2356,2357,2358,2359,2360,2361,2362,2363,2364,2365,2366,2367,2368,2369]],"properties":{"pcode":"UG1013","name":"Kyotera"}},{"type":"Polygon","arcs":[[2370,2371,2372,2373,2374,2375,2376,2377,2378,2379,2380,2381,-357,2382,-1038,2383,2384,2385,2386,2387,2388,2389,2390,2391,-2078,2392,2393,2394,2395,2396,-2072,-2071,-2070,-2069,-2068,-2067,-2066,-2065,-2064,-2063,-2062,-2061,-2060,-2059,2397,2398,2399]],"properties":{"pcode":"UG3082","name":"Lamwo"}},{"type":"Polygon","arcs":[[2400,2401,2402,2403,2404,2405,2406,2407,2408,-2173,-2172,-2171,-2170,2409,2410,-2168,-2167,2411,2412,2413,2414,-2164,-2163,2415,-2235,2416,2417,-953,2418,2419,2420,2421,2422,-137,-136,-135,-134,-133,-132,-131,-130,2423,2424,-127,2425,2426,2427,2428,2429,2430,2431,2432,2433,2434,2435,2436,2437,2438,2439,2440,2441,2442,2443,2444,2445]],"properties":{"pcode":"UG3083","name":"Lira"}},{"type":"Polygon","arcs":[[2446,2447,2448,2449,2450,2451,-1546,-1545,-1544,-1543,-1542,-1541,2452,2453,2454,-1210,2455,2456,2457,2458,2459,2460,2461,2462,2463,-1124,-1123,2464,2465,2466,-1474,2467,2468]],"properties":{"pcode":"UG2051","name":"Luuka"}},{"type":"Polygon","arcs":[[2469,2470,2471,2472,2473,2474,2475,2476,2477,2478,2479,2480,2481,2482,2483,2484,2485,2486,2487,2488,2489,2490,2491,2492,2493,2494,2495,2496,2497,2498,2499,2500,2501,2502,2503,2504,2505,2506,2507,2508,2509,2510,2511,2512]],"properties":{"pcode":"UG1014","name":"Luwero"}},{"type":"Polygon","arcs":[[2513,2514,2515,2516,2517,2518,2519,2520,2521,2522,2523,2524,2525,2526,2527,2528,2529,2530,2531,2532,2533,2534,2535,2536,2537,2538,2539,2540,2541,2542,2543,2544,2545,2546,2547,2548,2549,2550]],"properties":{"pcode":"UG1015","name":"Lwengo"}},{"type":"Polygon","arcs":[[2551,2552,2553,2554,2555,2556,2557,2558,-2530,2559,2560,2561,2562,2563,2564,2565,2566,2567,2568,2569,2570]],"properties":{"pcode":"UG1016","name":"Lyantonde"}},{"type":"Polygon","arcs":[[2571,-459,2572,2573,2574,-453,-452,-451,-450,-449,-448,-447,-446,-445,-444,-443,2575,2576,-439,-438,2577,2578,2579,2580,2581,2582,2583,2584,2585,2586,2587,2588,2589,2590,-56,-55,-54,2591,2592,2593,2594,2595]],"properties":{"pcode":"UG3084","name":"Madi Okollo"}},{"type":"Polygon","arcs":[[2596,2597,2598,2599,2600,2601,2602,2603,2604,2605,2606,2607,2608,2609,2610]],"properties":{"pcode":"UG2052","name":"Manafwa"}},{"type":"Polygon","arcs":[[2611,2612,2613,2614,2615,2616,2617,2618,-415,2619,2620,2621,2622,-410,-409,2623,2624,2625,-2126,2626,2627,2628,2629]],"properties":{"pcode":"UG3085","name":"Maracha"}},{"type":"Polygon","arcs":[[2630,2631,2632,2633,-1497,-1496,-1495,-1494,-1493,2634,2635,2636,2637,2638,-2548,-2547,2639,2640,-2544,-2543,-2542,2641,-2368,-2367,-2366,-2365,-2364,-2363,-2362,-2361,-2360,2642,-1465,-1464,-1463,2643,2644]],"properties":{"pcode":"UG1017","name":"Masaka"}},{"type":"Polygon","arcs":[[2645,2646,2647,2648,2649,2650,-714,-713,-712,-711,-710,-709,2651,2652,-706,-705,-704,-703,-702,-701,2653,2654,2655,2656,2657,2658,2659,2660,2661,2662,-1073,-1072,2663,2664,-1069,2665,-2281,-2280,2666,2667,2668,2669,2670,2671,2672,2673,2674,2675,2676,2677,2678,2679,2680,2681,2682,2683,-1995,-1994,-1993,-1992,-1991,-1990,2684,2685,2686,2687]],"properties":{"pcode":"UG4125","name":"Masindi"}},{"type":"Polygon","arcs":[[2688,2689,-1204,-1203,-1202,-1201,-1200,-1199,2690,2691,2692,-916,-915,-914,-913,-912,-911,-910,-909,-908,2693,2694,2695,2696,2697,2698,2699,2700,2701,2702,2703,2704,2705,2706,2707,2708,2709,2710,2711,2712,-1129,-1128,-1127,2713,2714,-2460,2715,2716,2717]],"properties":{"pcode":"UG2053","name":"Mayuge"}},{"type":"Polygon","arcs":[[2718,2719,-890,2720,2721,-841,-840,-839,-838,2722,2723,2724,2725,-2599,2726,2727,2728,2729,2730,2731,2732,2733,2734,2735,2736,2737,2738,2739]],"properties":{"pcode":"UG2054","name":"Mbale"}},{"type":"Polygon","arcs":[[2740,2741,-1107,-1106,2742,2743,2744,2745,2746,2747,2748,2749,2750,2751,2752,2753,2754,2755,2756,2757,2758,2759,-1144,2760,2761,2762,-1964,-1963,-1962,-1961,-1960,-1959,-1958,-1957,-1956,-1955,-1954,2763,2764]],"properties":{"pcode":"UG4126","name":"Mbarara"}},{"type":"Polygon","arcs":[[2765,2766,-774,2767,2768,2769,2770,2771,2772,2773,2774,2775,2776,2777,2778,2779,2780,2781,2782,2783,2784,-783,-782,-781,-780,-779,2785,2786,2787]],"properties":{"pcode":"UG4127","name":"Mitooma"}},{"type":"Polygon","arcs":[[2788,-1894,-1893,-1892,-1891,-1890,-1889,2789,2790,-1759,-1758,-1757,-1756,2791,2792,2793,2794,-1005,-1004,-1003,-1002,-1001,-1000,-999,-998,2795,2796,2797,2798,2799,-845,-844,2800,2801,2802,2803,2804,2805,2806,2807,2808,2809,2810]],"properties":{"pcode":"UG1018","name":"Mityana"}},{"type":"Polygon","arcs":[[2811,-1246,-1245,-1244,-1243,2812,2813,2814,2815,2816,2817,2818,2819,2820,2821,2822,2823,2824,2825,2826,2827,-217,-216,-215,2828,2829,2830,2831,2832,2833,2834,2835,2836,2837,2838,2839,2840,2841,2842,2843,2844,2845,2846,2847]],"properties":{"pcode":"UG3086","name":"Moroto"}},{"type":"Polygon","arcs":[[2848,2849,2850,2851,2852,2853,2854,2855,2856,2857,2858,2859,2860,2861,2862,2863,2864,2865,-43,2866,2867,2868,2869,2870,2871,2872,2873,2874]],"properties":{"pcode":"UG3087","name":"Moyo"}},{"type":"Polygon","arcs":[[2875,2876,2877,2878,2879,2880,-874,-873,-872,-871,2881,2882,2883,2884,2885,2886,2887,2888,-862,-861,2889,-1505,-1504,-1503,-1502,-1501,2890,2891,2892,2893,2894,2895,2896,2897,2898,2899,2900,2901,2902]],"properties":{"pcode":"UG1019","name":"Mpigi"}},{"type":"Polygon","arcs":[[2903,2904,-1424,-1423,-1422,2905,-1867,2906,2907,-2312,-2311,-2310,-2309,-2308,-2307,-2306,-2305,-2304,-2303,2908,2909,2910,2911,2912,2913,2914,2915,2916,2917,2918,2919,2920,2921,2922,-1747,2923,2924,2925,-1743,-1742,2926,2927,2928,-1738,-1737,-2272,2929,2930]],"properties":{"pcode":"UG1020","name":"Mubende"}},{"type":"Polygon","arcs":[[2931,2932,2933,2934,2935,2936,2937,2938,2939,2940,2941,2942,2943,2944,2945,2946,-904,-903,2947,2948,-589,-588,2949,2950,2951,2952,2953,-583,-582,2954,-1800,-1799,-1798,2955,2956]],"properties":{"pcode":"UG1021","name":"Mukono"}},{"type":"Polygon","arcs":[[2957,2958,2959,2960,2961,2962,2963,2964,2965,2966,2967,2968,2969,2970,2971,2972,2973,2974,2975,2976,2977,2978,2979,2980,2981,2982,2983,2984,2985,2986,2987,2988]],"properties":{"pcode":"UG3088","name":"Nabilatuk"}},{"type":"Polygon","arcs":[[2989,-2981,-2980,-2979,-2978,-2977,-2976,-2975,-2974,-2973,-2972,-2971,-2970,-2969,-2968,-2967,-2966,-2965,-2964,2990,-661,2991,2992,2993,2994,2995,2996,2997,2998,2999,3000,3001,3002,-236,-235,-234,-233,-232,-231,-230,-229,-228,-227,-226,-225,-224,-223,-222,3003,3004,3005,3006,3007,3008]],"properties":{"pcode":"UG3089","name":"Nakapiripirit"}},{"type":"Polygon","arcs":[[3009,3010,3011,-2277,-2276,3012,3013,3014,3015,3016,3017,3018,3019,3020,3021,3022,3023,3024,3025,-2496,-2495,-2494,-2493,-2492,-2491,3026,3027,-2488,-2487,-2486,-2485,-2484,3028,3029,3030,3031,3032,3033,3034,3035,3036,3037,3038]],"properties":{"pcode":"UG1022","name":"Nakaseke"}},{"type":"Polygon","arcs":[[3039,3040,3041,-2677,-2676,-2675,-2674,-2673,-2672,3042,3043,-3037,-3036,3044,3045,3046,3047,3048,3049,-2476,-2475,-2474,-2473,3050,3051,3052,3053,3054,3055,3056,3057,3058,-1791,3059,-197,-196,-195,-194,3060,3061,3062]],"properties":{"pcode":"UG1023","name":"Nakasongola"}},{"type":"Polygon","arcs":[[3063,-525,-524,-523,-522,-521,3064,-2701,-2700,-2699,-2698,-2697,-2696,3065,3066,3067,3068,3069,-807,-806,-805,-804,-803,-802,3070,3071]],"properties":{"pcode":"UG2055","name":"Namayingo"}},{"type":"Polygon","arcs":[[3072,-2607,-2606,-2605,3073,3074,3075,3076,3077,3078,3079,3080,3081,3082,3083,3084,-504,3085,3086]],"properties":{"pcode":"UG2056","name":"Namisindwa"}},{"type":"Polygon","arcs":[[3087,3088,3089,3090,3091,3092,3093,3094,3095,3096,3097,3098,3099,3100,3101,-536,3102,3103,3104,3105,3106,3107]],"properties":{"pcode":"UG2057","name":"Namutumba"}},{"type":"Polygon","arcs":[[3108,3109,3110,3111,3112,-2185,-2184,-23,-22,-21,-20,-19,-18,-17,3113,3114,-2962,-2961,3115,3116,3117,3118,3119,3120,-2818,-2817,-2816,3121,3122]],"properties":{"pcode":"UG3090","name":"Napak"}},{"type":"Polygon","arcs":[[3123,3124,3125,3126,-2580,3127,3128,3129,3130,3131,3132,3133,3134,3135,3136,3137,3138,3139,3140,3141,3142,3143,3144,3145,3146,3147,3148,3149,3150,3151,3152,3153,3154,3155,3156,3157]],"properties":{"pcode":"UG3091","name":"Nebbi"}},{"type":"Polygon","arcs":[[3158,3159,3160,3161,3162,3163,3164,3165,3166,3167,3168,3169,3170,3171,3172,3173,3174,3175,-2204,3176,3177,3178]],"properties":{"pcode":"UG2058","name":"Ngora"}},{"type":"Polygon","arcs":[[3179,3180,3181,3182,3183,3184,3185,3186,3187,3188,3189,3190,3191,3192,3193,3194,3195,3196,3197,3198,3199,3200,3201,3202,3203,-741,-740,3204,-1323,-1322,-1321,-1320,-1319,-1318,-1317,-1316,-1315,-1314,-1313,3205,3206,-1378,3207,3208]],"properties":{"pcode":"UG4128","name":"Ntoroko"}},{"type":"Polygon","arcs":[[3209,3210,3211,3212,3213,3214,-2781,3215,3216,3217,3218,3219,3220,3221,3222,3223,3224,3225,3226,3227,3228,3229,3230,3231,3232,3233,3234,3235,3236,3237,3238,-1160,-1159,3239,3240,-1156,3241,3242,3243,3244,3245,3246,3247,3248,3249,3250,3251,3252]],"properties":{"pcode":"UG4129","name":"Ntungamo"}},{"type":"Polygon","arcs":[[3253,3254,-324,-323,-322,-321,-320,-319,-318,3255,3256,3257,3258,3259,3260,3261,3262,3263,3264,3265,3266,3267,3268,3269,3270,3271,-2647,3272,3273,3274,3275,-2018,-2017,-2016,-2015,-2014,-2013,-2012,-2011,3276,3277,3278,3279,3280,3281,3282,3283,3284,3285,3286,3287,3288,3289,3290,-335,-334,-333,-332,-331,-330,-329,-328,3291,3292,3293]],"properties":{"pcode":"UG3092","name":"Nwoya"}},{"type":"Polygon","arcs":[[3294,3295,3296,3297,3298,3299,3300,-50,3301,3302,3303,3304,3305,3306,-2865,-2864,-2863,3307,3308]],"properties":{"pcode":"UG3093","name":"Obongi"}},{"type":"Polygon","arcs":[[3309,-1031,-1030,-1029,-1028,-1027,-1026,-1025,-1024,-1023,3310,3311,3312,3313,-3287,-3286,-3285,-3284,-3283,3314,3315,3316,3317,3318,3319,3320,3321,3322,3323,3324,3325,3326,3327,3328,3329,3330,3331,3332,3333]],"properties":{"pcode":"UG3094","name":"Omoro"}},{"type":"Polygon","arcs":[[3334,-108,-107,-106,-105,-104,3335,3336,3337,-2430,3338,3339,3340,3341,3342,3343,3344,-178,-177,-176,-175,-174,-173,-172,-171,-170,-169,-168,-167,-166,-165,-164,-163,-162,-161,-160,-159,-158,-157,-156,3345,3346,3347,3348,3349,-1660,-1659,-1658,3350,3351,-14,-13,-12,-11,-10,3352,-111,3353,3354]],"properties":{"pcode":"UG3095","name":"Otuke"}},{"type":"Polygon","arcs":[[3355,3356,-3319,3357,3358,3359,3360,3361,3362,3363,-2008,3364,-370,-369,3365,3366,3367,3368,-2147,-2146,-2145,-2144,-2143,-2142,-2141,-2140,3369,3370,3371,3372,3373,3374]],"properties":{"pcode":"UG3096","name":"Oyam"}},{"type":"Polygon","arcs":[[3375,-2091,-2090,-2089,-2088,-2087,-2086,3376,3377,3378,3379,-2388,3380,3381,3382,3383,3384,3385,3386,-3331,-3330,-3329,-3328,3387,3388,3389,3390,3391,3392,3393,3394,3395,3396,3397,3398,3399,-2435,3400,3401,3402,-102,-101,-100,-99,3403,3404,3405,3406,3407,3408,-92,-91,-90,-89,-88,-87,3409,3410,-2096,-2095,-2094,-2093,3411,3412]],"properties":{"pcode":"UG3097","name":"Pader"}},{"type":"Polygon","arcs":[[3413,3414,-2585,3415,-3156,-3155,-3154,-3153,-3152,-3151,-3150,-3149,-3148,-3147,-3146,-3145,3416,3417,3418,3419,-3266,-3265,-3264,-3263,-3262,-3261,3420,3421,3422,3423,3424]],"properties":{"pcode":"UG3098","name":"Pakwach"}},{"type":"Polygon","arcs":[[3425,3426,3427,3428,3429,3430,3431,3432,3433,3434,3435,3436,3437,-1910,-1909,3438,3439,3440,3441,3442,3443,3444,-2210,-2209,3445]],"properties":{"pcode":"UG2059","name":"Pallisa"}},{"type":"Polygon","arcs":[[3446,3447,3448,3449,3450,3451,3452,3453,3454,-1172,-1171,-1170,-1169,3455,-2357,-2356,3456,3457,-2353,-2352,-2351,-2350,-2349,-2348,3458,-2535,-2534,-2533,3459,3460]],"properties":{"pcode":"UG1024","name":"Rakai"}},{"type":"Polygon","arcs":[[3461,-1617,-1616,3462,3463,-2036,-2035,-2034,-2033,3464,3465,3466,3467,3468,3469,3470,-1289,-1288,3471,3472,3473,3474,3475,3476,3477,3478,3479,3480,3481,3482,3483,3484]],"properties":{"pcode":"UG4130","name":"Rubanda"}},{"type":"Polygon","arcs":[[3485,-1721,-1720,-1719,-1718,-1717,-1716,-1715,-1714,-1713,-1712,-1711,-1710,3486,3487,3488,3489,3490,-771,-770,-769,-768,3491,3492,3493,3494,3495,3496,3497,3498,3499,3500,3501,3502]],"properties":{"pcode":"UG4131","name":"Rubirizi"}},{"type":"Polygon","arcs":[[3503,3504,-3480,-3479,3505,3506,3507,3508,-1310,-1309,-1308,-1307,-1306,3509,3510,3511,3512,3513,3514,3515,-3233,3516,3517,3518,3519,3520,3521,3522,3523,3524,3525,3526,3527]],"properties":{"pcode":"UG4132","name":"Rukiga"}},{"type":"Polygon","arcs":[[3528,3529,3530,3531,-1639,-1638,-1637,-1636,-1635,-1634,-1633,-1632,-1631,-1630,-1629,-1628,3532,3533,3534,3535,3536,3537,3538,3539,-3224,3540,3541,3542,3543,3544,3545,-2776,-2775,-2774,-2773,-2772,-2771,-2770,-2769,3546,3547,3548,3549,3550,3551]],"properties":{"pcode":"UG4133","name":"Rukungiri"}},{"type":"Polygon","arcs":[[3552,3553,3554,3555,-3251,-3250,-3249,-3248,-3247,-3246,-3245,3556,3557,3558,3559,3560,-2755,-2754,-2753,-2752,3561,3562]],"properties":{"pcode":"UG4134","name":"Rwampara"}},{"type":"Polygon","arcs":[[3563,3564,3565,3566,3567,3568,-942,3569,3570,3571,3572,-3433,-3432,-3431,3573,3574,3575,3576,3577,3578,3579,3580,3581,3582,3583,3584,3585,3586,3587]],"properties":{"pcode":"UG2060","name":"Serere"}},{"type":"Polygon","arcs":[[3588,-569,-568,-567,3589,-789,-788,-787,-786,-785,3590,-2784,3591,3592,-3213,-3212,-3211,3593,3594,3595,3596,3597,3598,3599,3600]],"properties":{"pcode":"UG4135","name":"Sheema"}},{"type":"Polygon","arcs":[[3601,3602,3603,3604,-2738,-2737,-2736,3605,-496,-495,3606,3607,3608,3609,-672,-671,-670,-669,-668,3610,3611,3612]],"properties":{"pcode":"UG2061","name":"Sironko"}},{"type":"Polygon","arcs":[[3613,3614,3615,3616,3617,3618,-1453,-1452,-1451,3619,3620,-3585,3621,3622,3623,3624,3625,-3162,3626,3627,3628,3629,3630,-273,-272,-271,-270,-269,3631,3632]],"properties":{"pcode":"UG2062","name":"Soroti"}},{"type":"Polygon","arcs":[[3633,3634,3635,-1844,3636,3637,-1841,3638,3639,-1982,-1981,3640,-2552,3641,-2569,-2568,3642,3643,3644,3645,3646,-2523,-2522,-2521,-2520,3647,3648,-2517,-2516,3649,3650,3651,3652,-626,-625,3653,-986,-985,-984,3654,3655,-2915,3656,3657]],"properties":{"pcode":"UG1025","name":"Ssembabule"}},{"type":"Polygon","arcs":[[3658,-835,-834,-833,3659,3660,-533,-532,3661,3662,3663,3664,3665,3666,3667,3668,3669,3670,3671,3672,3673,3674,3675,3676]],"properties":{"pcode":"UG2063","name":"Tororo"}},{"type":"Polygon","arcs":[[3677,-2501,-2500,-2499,3678,3679,3680,-3025,-3024,-3023,3681,3682,3683,3684,3685,3686,3687,3688,-2901,-2900,-2899,-2898,-2897,-2896,-2895,-2894,-2893,-2892,3689,-2945,-2944,3690,-1516,-1515,-1514,-1513,-1512,-1511,-1510,3691,3692,-1521,3693,3694,3695,3696,3697,-2941,-2940,-2939,-2938,-2937,-2936,3698,3699]],"properties":{"pcode":"UG1026","name":"Wakiso"}},{"type":"Polygon","arcs":[[3700,3701,3702,-2133,-2132,-2131,3703,3704,3705,-404,3706,3707,3708,3709,3710,-470,-469,-468,-467,-466,-465,-464,3711,3712,3713,-3297,3714,3715,3716,3717,3718,3719,3720]],"properties":{"pcode":"UG3099","name":"Yumbe"}},{"type":"Polygon","arcs":[[3721,-435,3722,3723,-432,3724,3725,3726,3727,3728,3729,3730,3731,3732,3733,3734,3735,3736,3737,3738,3739,-3135,-3134,-3133,-3132,-3131,-3130,3740,3741,3742,3743,3744]],"properties":{"pcode":"UG3100","name":"Zombo"}}]}}}
